Household,avg_income_usd,country,rural_urban,remesa_amount_usd,monthly_remesa_amount,Food,Health,COVID_19,Education,Utilities,ClothesandShoes,Housing,HousingRental,HomePurchase,AgriculturalInputs,BusinessVentures,Saving,MigantsComittments,MigrationLoanDebt,OtherDebts,Other,Tsum_check
0,240.0,SLV,2,100.0,100.0,,,,,40.0,,60.0,,,,,,,,,,100.0
1,600.0,SLV,2,300.0,100.0,50.0,,,,50.0,,,,,,,,,,,,100.0
2,550.0,SLV,2,75.0,75.0,,,,100.0,,,,,,,,,,,,,100.0
3,500.0,SLV,2,100.0,50.0,20.0,,,80.0,,,,,,,,,,,,,100.0
4,180.0,SLV,2,110.0,220.0,60.0,20.0,,,20.0,,,,,,,,,,,,100.0
5,280.0,SLV,2,100.0,8.333333333333334,80.0,20.0,,,,,,,,,,,,,,,100.0
6,300.0,SLV,2,50.0,25.0,100.0,,,,,,,,,,,,,,,,100.0
7,350.0,SLV,2,250.0,41.666666666666664,35.0,35.0,,,30.0,,,,,,,,,,,,100.0
8,500.0,SLV,2,120.0,120.0,,,,100.0,,,,,,,,,,,,,100.0
9,360.0,SLV,2,100.0,50.0,50.0,,,50.0,,,,,,,,,,,,,100.0
10,300.0,SLV,2,25.0,8.333333333333334,60.0,,,,,40.0,,,,,,,,,,,100.0
11,1600.0,SLV,2,400.0,400.0,50.0,,,,50.0,,,,,,,,,,,,100.0
12,300.0,SLV,2,50.0,50.0,100.0,,,,,,,,,,,,,,,,100.0
13,300.0,SLV,2,500.0,166.66666666666666,,100.0,,,,,,,,,,,,,,,100.0
14,320.0,SLV,2,150.0,300.0,50.0,25.0,,,25.0,,,,,,,,,,,,100.0
15,100.0,SLV,2,300.0,100.0,70.0,,,,30.0,,,,,,,,,,,,100.0
16,600.0,SLV,2,200.0,200.0,50.0,25.0,,,25.0,,,,,,,,,,,,100.0
17,400.0,SLV,2,350.0,350.0,20.0,10.0,,,70.0,,,,,,,,,,,,100.0
18,7.995,GT,1,5.33,10.66,100.0,,,,,,,,,,,,,,,,100.0
19,5.33,GT,1,5.33,5.33,50.0,,,,,,,,,,,,,50.0,,,100.0
20,4.264,GT,1,1.599,1.599,50.0,50.0,,,,,,,,,,,,,,,100.0
21,23.985,GT,1,7.995,7.995,75.0,25.0,,,,,,,,,,,,,,,100.0
22,31.98,GT,1,10.66,3.5533333333333332,50.0,,,,,,50.0,,,,,,,,,,100.0
23,26.650000000000002,GT,1,10.66,21.32,50.0,,,,30.0,,20.0,,,,,,,,,,100.0
24,53.300000000000004,GT,1,13.325000000000001,57.2975,,,,,,,100.0,,,,,,,,,,100.0
25,400.0,SLV,1,60.0,30.0,100.0,,,,,,,,,,,,,,,,100.0
26,150.0,SLV,1,100.0,100.0,80.0,20.0,,,,,,,,,,,,,,,100.0
27,100.0,SLV,1,100.0,100.0,50.0,50.0,,,,,,,,,,,,,,,100.0
28,300.0,SLV,1,150.0,150.0,60.0,20.0,,,20.0,,,,,,,,,,,,100.0
29,400.0,SLV,2,100.0,16.666666666666668,100.0,,,,,,,,,,,,,,,,100.0
30,550.0,SLV,2,150.0,150.0,100.0,,,,,,,,,,,,,,,,100.0
31,500.0,SLV,2,250.0,250.0,40.0,,,,10.0,,50.0,,,,,,,,,,100.0
32,700.0,SLV,2,400.0,400.0,50.0,25.0,,25.0,,,,,,,,,,,,,100.0
33,350.0,SLV,2,25.0,8.333333333333334,100.0,,,,,,,,,,,,,,,,100.0
34,450.0,SLV,2,100.0,100.0,,,,,,,,,,,,,,,,100.0,100.0
35,200.0,SLV,1,150.0,150.0,70.0,30.0,,,,,,,,,,,,,,,100.0
36,200.0,SLV,1,150.0,150.0,100.0,,,,,,,,,,,,,,,,100.0
37,13.325000000000001,GT,2,13.325000000000001,26.650000000000002,40.0,35.0,,,,25.0,,,,,,,,,,,100.0
38,120.0,SLV,1,100.0,100.0,40.0,50.0,,,10.0,,,,,,,,,,,,100.0
39,200.0,SLV,1,100.0,16.666666666666668,80.0,10.0,,,10.0,,,,,,,,,,,,100.0
40,150.0,SLV,2,50.0,8.333333333333334,75.0,25.0,,,,,,,,,,,,,,,100.0
41,350.0,SLV,2,150.0,150.0,50.0,,,,,50.0,,,,,,,,,,,100.0
42,150.0,SLV,2,50.0,25.0,50.0,,,,50.0,,,,,,,,,,,,100.0
43,5.33,GT,1,15.99,5.33,75.0,25.0,,,,,,,,,,,,,,,100.0
44,13.325000000000001,GT,1,26.650000000000002,13.325000000000001,,,,,,,,,75.0,,,,,,25.0,,100.0
45,800.0,SLV,2,600.0,600.0,20.0,70.0,,,10.0,,,,,,,,,,,,100.0
46,500.0,SLV,2,150.0,75.0,,,,,100.0,,,,,,,,,,,,100.0
47,300.0,SLV,2,100.0,100.0,,,,50.0,50.0,,,,,,,,,,,,100.0
48,13.325000000000001,GT,2,7.995,7.995,,,,100.0,,,,,,,,,,,,,100.0
49,13.325000000000001,GT,2,10.66,10.66,75.0,,,25.0,,,,,,,,,,,,,100.0
50,31.98,GT,1,21.32,42.64,,,,,,,,,,,,,,100.0,,,100.0
51,21.32,GT,1,7.995,3.9975,70.0,20.0,,,,10.0,,,,,,,,,,,100.0
52,63.96,GT,1,13.325000000000001,57.2975,,,,,,,100.0,,,,,,,,,,100.0
53,500.0,SLV,1,500.0,500.0,80.0,,,,20.0,,,,,,,,,,,,100.0
54,300.0,SLV,1,300.0,600.0,50.0,20.0,,,30.0,,,,,,,,,,,,100.0
55,300.0,SLV,1,75.0,12.5,,,,,,,100.0,,,,,,,,,,100.0
56,1500.0,SLV,2,50.0,8.333333333333334,50.0,10.0,,,,,,,,,,,,,,40.0,100.0
57,800.0,SLV,2,400.0,400.0,50.0,,,,25.0,,,25.0,,,,,,,,,100.0
58,800.0,SLV,2,300.0,100.0,80.0,,,,20.0,,,,,,,,,,,,100.0
59,300.0,SLV,1,100.0,33.333333333333336,70.0,,,,30.0,,,,,,,,,,,,100.0
60,350.0,SLV,1,170.0,340.0,75.0,,,,25.0,,,,,,,,,,,,100.0
61,100.0,SLV,1,50.0,8.333333333333334,100.0,,,,,,,,,,,,,,,,100.0
62,70.0,SLV,2,100.0,8.333333333333334,100.0,,,,,,,,,,,,,,,,100.0
63,200.0,SLV,1,200.0,200.0,80.0,,,,20.0,,,,,,,,,,,,100.0
64,350.0,SLV,1,100.0,100.0,80.0,10.0,,,10.0,,,,,,,,,,,,100.0
65,200.0,SLV,2,50.0,8.333333333333334,100.0,,,,,,,,,,,,,,,,100.0
66,150.0,SLV,2,150.0,150.0,40.0,30.0,,,30.0,,,,,,,,,,,,100.0
67,300.0,SLV,1,200.0,200.0,50.0,25.0,,,25.0,,,,,,,,,,,,100.0
68,400.0,SLV,2,100.0,33.333333333333336,50.0,,,,50.0,,,,,,,,,,,,100.0
69,200.0,SLV,1,100.0,50.0,50.0,50.0,,,,,,,,,,,,,,,100.0
70,500.0,SLV,2,300.0,100.0,75.0,,,,25.0,,,,,,,,,,,,100.0
71,100.0,SLV,1,600.0,100.0,,100.0,,,,,,,,,,,,,,,100.0
72,300.0,SLV,2,50.0,8.333333333333334,80.0,,,,20.0,,,,,,,,,,,,100.0
73,53.300000000000004,HND,2,63.96,63.96,50.0,,,40.0,10.0,,,,,,,,,,,,100.0
74,53.300000000000004,HND,1,42.64,42.64,50.0,,,30.0,,20.0,,,,,,,,,,,100.0
75,21.32,GT,1,37.31,74.62,25.0,,,,,,,,,,,,,75.0,,,100.0
76,31.98,HND,1,12.792000000000002,4.264,60.0,,,,,40.0,,,,,,,,,,,100.0
77,6.396,GT,1,3.7310000000000003,3.7310000000000003,80.0,,,,,20.0,,,,,,,,,,,100.0
78,225.0,SLV,1,100.0,100.0,70.0,,,,30.0,,,,,,,,,,,,100.0
79,18.655,HND,1,10.66,10.66,80.0,20.0,,,,,,,,,,,,,,,100.0
80,200.0,SLV,1,50.0,8.333333333333334,100.0,,,,,,,,,,,,,,,,100.0
81,400.0,SLV,1,200.0,200.0,15.0,75.0,,,10.0,,,,,,,,,,,,100.0
82,300.0,SLV,1,200.0,200.0,70.0,,,,30.0,,,,,,,,,,,,100.0
83,100.0,SLV,1,150.0,50.0,20.0,,,,,,,,,,,,,,80.0,,100.0
84,100.0,SLV,1,100.0,33.333333333333336,100.0,,,,,,,,,,,,,,,,100.0
85,550.0,SLV,1,200.0,200.0,75.0,,,,25.0,,,,,,,,,,,,100.0
86,500.0,SLV,1,200.0,100.0,80.0,20.0,,,,,,,,,,,,,,,100.0
87,350.0,SLV,1,150.0,150.0,100.0,,,,,,,,,,,,,,,,100.0
88,100.0,SLV,1,150.0,75.0,70.0,20.0,,,10.0,,,,,,,,,,,,100.0
89,130.0,SLV,1,50.0,50.0,50.0,25.0,,,25.0,,,,,,,,,,,,100.0
90,120.0,SLV,1,120.0,120.0,50.0,25.0,,,25.0,,,,,,,,,,,,100.0
91,200.0,SLV,1,200.0,200.0,100.0,,,,,,,,,,,,,,,,100.0
92,200.0,SLV,1,200.0,200.0,50.0,,,,50.0,,,,,,,,,,,,100.0
93,150.0,SLV,1,100.0,100.0,50.0,,,,50.0,,,,,,,,,,,,100.0
94,200.0,SLV,1,50.0,4.166666666666667,100.0,,,,,,,,,,,,,,,,100.0
95,400.0,SLV,1,400.0,400.0,60.0,20.0,,,20.0,,,,,,,,,,,,100.0
96,100.0,SLV,1,100.0,100.0,50.0,,,,50.0,,,,,,,,,,,,100.0
97,100.0,SLV,1,150.0,150.0,50.0,,,,50.0,,,,,,,,,,,,100.0
98,120.0,SLV,1,100.0,16.666666666666668,80.0,5.0,,,15.0,,,,,,,,,,,,100.0
99,200.0,SLV,1,50.0,50.0,50.0,50.0,,,,,,,,,,,,,,,100.0
100,400.0,SLV,1,100.0,100.0,70.0,10.0,,,20.0,,,,,,,,,,,,100.0
101,150.0,SLV,2,40.0,13.333333333333334,100.0,,,,,,,,,,,,,,,,100.0
102,200.0,SLV,1,100.0,100.0,100.0,,,,,,,,,,,,,,,,100.0
103,150.0,SLV,1,100.0,50.0,100.0,,,,,,,,,,,,,,,,100.0
104,300.0,SLV,2,50.0,4.166666666666667,100.0,,,,,,,,,,,,,,,,100.0
105,280.0,SLV,2,100.0,50.0,80.0,10.0,,,10.0,,,,,,,,,,,,100.0
106,300.0,SLV,2,50.0,8.333333333333334,,,,,,,,,,,100.0,,,,,,100.0
107,300.0,SLV,2,300.0,300.0,25.0,50.0,,,25.0,,,,,,,,,,,,100.0
108,300.0,SLV,2,200.0,200.0,60.0,20.0,,,20.0,,,,,,,,,,,,100.0
109,1100.0,SLV,2,300.0,300.0,,100.0,,,,,,,,,,,,,,,100.0
110,350.0,SLV,2,225.0,225.0,50.0,,,,50.0,,,,,,,,,,,,100.0
111,3000.0,SLV,2,300.0,100.0,,75.0,,,10.0,15.0,,,,,,,,,,,100.0
112,31.98,HND,1,31.98,31.98,60.0,40.0,,,,,,,,,,,,,,,100.0
113,79.95,HND,1,53.300000000000004,53.300000000000004,60.0,,,30.0,10.0,,,,,,,,,,,,100.0
114,26.650000000000002,HND,1,5.33,1.7766666666666666,100.0,,,,,,,,,,,,,,,,100.0
115,42.64,HND,2,100.0,16.666666666666668,,,,50.0,,50.0,,,,,,,,,,,100.0
116,106.60000000000001,HND,2,42.64,21.32,40.0,10.0,,50.0,,,,,,,,,,,,,100.0
117,15.99,GT,2,7.995,7.995,60.0,,,,40.0,,,,,,,,,,,,100.0
118,15.99,GT,1,1.8655000000000002,8.021650000000001,50.0,25.0,,,25.0,,,,,,,,,,,,100.0
119,26.650000000000002,GT,1,4.1574,4.1574,100.0,,,,,,,,,,,,,,,,100.0
120,35.711,HND,2,26.650000000000002,26.650000000000002,40.0,30.0,,,30.0,,,,,,,,,,,,100.0
121,63.96,HND,2,21.32,7.1066666666666665,70.0,,,,30.0,,,,,,,,,,,,100.0
122,58.63,HND,2,21.32,10.66,60.0,,,,40.0,,,,,,,,,,,,100.0
123,53.300000000000004,GT,1,10.66,45.838,60.0,,,30.0,,10.0,,,,,,,,,,,100.0
124,9.061,HND,1,18.655,6.218333333333334,,40.0,,40.0,20.0,,,,,,,,,,,,100.0
125,20.254,GT,2,15.99,15.99,50.0,,,,,,25.0,,,,,,,25.0,,,100.0
126,10.66,GT,2,3.9975,3.9975,50.0,50.0,,,,,,,,,,,,,,,100.0
127,240.0,SLV,1,200.0,200.0,50.0,50.0,,,,,,,,,,,,,,,100.0
128,500.0,SLV,1,100.0,33.333333333333336,20.0,80.0,,,,,,,,,,,,,,,100.0
129,300.0,SLV,2,150.0,75.0,50.0,30.0,,,20.0,,,,,,,,,,,,100.0
130,13.325000000000001,HND,1,13.325000000000001,13.325000000000001,70.0,30.0,,,,,,,,,,,,,,,100.0
131,200.0,SLV,1,100.0,100.0,50.0,,,,50.0,,,,,,,,,,,,100.0
132,300.0,SLV,1,300.0,300.0,50.0,,,20.0,30.0,,,,,,,,,,,,100.0
133,150.0,SLV,1,150.0,150.0,50.0,,,,50.0,,,,,,,,,,,,100.0
134,75.0,SLV,1,100.0,100.0,50.0,,,30.0,20.0,,,,,,,,,,,,100.0
135,50.0,SLV,1,50.0,50.0,50.0,,,,50.0,,,,,,,,,,,,100.0
136,300.0,SLV,1,150.0,150.0,60.0,20.0,,,20.0,,,,,,,,,,,,100.0
137,200.0,SLV,1,150.0,150.0,50.0,20.0,,,30.0,,,,,,,,,,,,100.0
138,500.0,SLV,1,400.0,400.0,50.0,10.0,,,40.0,,,,,,,,,,,,100.0
139,400.0,SLV,1,100.0,33.333333333333336,50.0,,,,50.0,,,,,,,,,,,,100.0
140,200.0,SLV,1,200.0,200.0,50.0,25.0,,,25.0,,,,,,,,,,,,100.0
141,100.0,SLV,1,100.0,100.0,100.0,,,,,,,,,,,,,,,,100.0
142,21.32,HND,2,60.0,60.0,80.0,20.0,,,,,,,,,,,,,,,100.0
143,150.0,SLV,1,75.0,12.5,100.0,,,,,,,,,,,,,,,,100.0
144,300.0,SLV,1,100.0,16.666666666666668,100.0,,,,,,,,,,,,,,,,100.0
145,100.0,SLV,1,100.0,100.0,70.0,10.0,,,20.0,,,,,,,,,,,,100.0
146,300.0,SLV,1,100.0,50.0,75.0,,,,25.0,,,,,,,,,,,,100.0
147,150.0,SLV,1,150.0,150.0,80.0,,10.0,,10.0,,,,,,,,,,,,100.0
148,300.0,SLV,1,150.0,150.0,10.0,75.0,,,15.0,,,,,,,,,,,,100.0
149,50.0,SLV,1,30.0,15.0,100.0,,,,,,,,,,,,,,,,100.0
150,30.0,SLV,1,100.0,100.0,,100.0,,,,,,,,,,,,,,,100.0
151,80.0,SLV,1,50.0,25.0,100.0,,,,,,,,,,,,,,,,100.0
152,200.0,SLV,1,200.0,200.0,55.0,25.0,,,20.0,,,,,,,,,,,,100.0
153,100.0,SLV,1,100.0,16.666666666666668,80.0,,,,10.0,10.0,,,,,,,,,,,100.0
154,300.0,SLV,1,300.0,300.0,70.0,10.0,,,20.0,,,,,,,,,,,,100.0
155,200.0,SLV,1,200.0,100.0,100.0,,,,,,,,,,,,,,,,100.0
156,180.0,SLV,1,150.0,50.0,50.0,20.0,,30.0,,,,,,,,,,,,,100.0
157,34.645,HND,1,200.0,200.0,60.0,,,10.0,30.0,,,,,,,,,,,,100.0
158,26.650000000000002,HND,1,50.0,100.0,70.0,20.0,,10.0,,,,,,,,,,,,,100.0
159,63.96,HND,2,26.650000000000002,26.650000000000002,50.0,30.0,,,20.0,,,,,,,,,,,,100.0
160,4.264,GT,2,1.599,0.2665,100.0,,,,,,,,,,,,,,,,100.0
161,53.300000000000004,HND,1,300.0,300.0,80.0,10.0,,,10.0,,,,,,,,,,,,100.0
162,18.655,HND,1,15.99,15.99,80.0,10.0,,,10.0,,,,,,,,,,,,100.0
163,4.797000000000001,GT,2,5.33,2.665,50.0,,,,,30.0,,,,,,20.0,,,,,100.0
164,15.99,GT,1,7.995,7.995,50.0,,,,30.0,20.0,,,,,,,,,,,100.0
165,26.650000000000002,GT,1,300.0,300.0,75.0,,,,25.0,,,,,,,,,,,,100.0
166,200.0,SLV,1,200.0,100.0,50.0,40.0,,,10.0,,,,,,,,,,,,100.0
167,340.0,SLV,1,300.0,300.0,60.0,20.0,,,20.0,,,,,,,,,,,,100.0
168,200.0,SLV,2,100.0,200.0,60.0,10.0,,,30.0,,,,,,,,,,,,100.0
169,300.0,SLV,2,300.0,300.0,50.0,,30.0,,20.0,,,,,,,,,,,,100.0
170,200.0,SLV,1,200.0,100.0,80.0,10.0,,,10.0,,,,,,,,,,,,100.0
171,42.64,HND,1,10.66,10.66,60.0,,,40.0,,,,,,,,,,,,,100.0
172,250.0,SLV,1,100.0,50.0,70.0,5.0,,,25.0,,,,,,,,,,,,100.0
173,300.0,SLV,1,500.0,166.66666666666666,,100.0,,,,,,,,,,,,,,,100.0
174,360.0,SLV,1,50.0,4.166666666666667,,100.0,,,,,,,,,,,,,,,100.0
175,350.0,SLV,1,100.0,100.0,100.0,,,,,,,,,,,,,,,,100.0
176,280.0,SLV,1,50.0,16.666666666666668,100.0,,,,,,,,,,,,,,,,100.0
177,400.0,SLV,1,50.0,4.166666666666667,100.0,,,,,,,,,,,,,,,,100.0
178,600.0,SLV,2,100.0,430.0,60.0,,,,40.0,,,,,,,,,,,,100.0
179,200.0,SLV,1,150.0,150.0,80.0,20.0,,,,,,,,,,,,,,,100.0
180,150.0,SLV,1,75.0,75.0,50.0,50.0,,,,,,,,,,,,,,,100.0
181,300.0,SLV,1,60.0,60.0,45.0,15.0,,,40.0,,,,,,,,,,,,100.0
182,570.0,SLV,1,300.0,100.0,,,,75.0,25.0,,,,,,,,,,,,100.0
183,300.0,SLV,2,300.0,300.0,70.0,,,,30.0,,,,,,,,,,,,100.0
184,200.0,SLV,1,50.0,25.0,50.0,,,,50.0,,,,,,,,,,,,100.0
185,5.33,GT,1,3.9975,3.9975,60.0,,,,,40.0,,,,,,,,,,,100.0
186,300.0,SLV,1,30.0,10.0,80.0,20.0,,,,,,,,,,,,,,,100.0
187,100.0,SLV,1,70.0,5.833333333333333,100.0,,,,,,,,,,,,,,,,100.0
188,250.0,SLV,1,50.0,25.0,100.0,,,,,,,,,,,,,,,,100.0
189,250.0,SLV,1,50.0,25.0,,100.0,,,,,,,,,,,,,,,100.0
190,180.0,SLV,1,50.0,50.0,100.0,,,,,,,,,,,,,,,,100.0
191,500.0,SLV,1,100.0,100.0,,100.0,,,,,,,,,,,,,,,100.0
192,500.0,SLV,1,200.0,66.66666666666667,60.0,20.0,,,20.0,,,,,,,,,,,,100.0
193,300.0,SLV,1,100.0,100.0,50.0,50.0,,,,,,,,,,,,,,,100.0
194,250.0,SLV,1,0.26649999999999996,0.26649999999999996,20.0,80.0,,,,,,,,,,,,,,,100.0
195,18.655,GT,1,0.7995,0.7995,80.0,10.0,,,,10.0,,,,,,,,,,,100.0
196,10.66,GT,1,28.782,28.782,50.0,,,,50.0,,,,,,,,,,,,100.0
197,3.7310000000000003,GT,1,1.599,0.2665,75.0,,,,25.0,,,,,,,,,,,,100.0
198,15.99,GT,1,7.995,2.665,15.0,75.0,,,10.0,,,,,,,,,,,,100.0
199,15.99,GT,1,11.193,3.731,80.0,10.0,,,10.0,,,,,,,,,,,,100.0
200,53.300000000000004,HND,1,53.300000000000004,53.300000000000004,50.0,20.0,,,,,,30.0,,,,,,,,,100.0
201,27.716,GT,1,100.0,100.0,60.0,,,,40.0,,,,,,,,,,,,100.0
202,42.64,GT,1,1000.0,2000.0,50.0,,,,25.0,25.0,,,,,,,,,,,100.0
203,7.995,HND,1,13.325000000000001,13.325000000000001,60.0,10.0,,,,,,,,,30.0,,,,,,100.0
204,5.33,HND,1,10.66,10.66,50.0,25.0,25.0,,,,,,,,,,,,,,100.0
205,15.457,GT,1,5.33,2.665,100.0,,,,,,,,,,,,,,,,100.0
206,34.645,GT,1,37.31,74.62,40.0,,,,,,,,,,,20.0,,40.0,,,100.0
207,26.650000000000002,GT,1,26.650000000000002,26.650000000000002,25.0,,,,,,50.0,,,,,,,25.0,,,100.0
208,69.29,HND,1,230.0,230.0,70.0,,,,25.0,,,,,,,,,,,5.0,100.0
209,85.28,HND,1,120.0,20.0,60.0,,,20.0,20.0,,,,,,,,,,,,100.0
210,58.63,HND,1,100.0,200.0,80.0,10.0,,,10.0,,,,,,,,,,,,100.0
211,106.60000000000001,HND,2,79.95,159.9,70.0,15.0,,,15.0,,,,,,,,,,,,100.0
212,1000.0,HND,1,1000.0,4300.0,60.0,10.0,,,30.0,,,,,,,,,,,,100.0
213,10.66,GT,1,3.9975,3.9975,70.0,30.0,,,,,,,,,,,,,,,100.0
214,10.66,GT,1,19.721,19.721,25.0,50.0,,,25.0,,,,,,,,,,,,100.0
215,5.33,GT,1,3.9975,3.9975,50.0,,,,50.0,,,,,,,,,,,,100.0
216,53.300000000000004,GT,1,600.0,1200.0,50.0,,,,20.0,,,,,,,30.0,,,,,100.0
217,15.99,GT,1,10.66,10.66,50.0,,,,30.0,20.0,,,,,,,,,,,100.0
218,15.99,GT,1,10.66,10.66,60.0,,,,30.0,10.0,,,,,,,,,,,100.0
219,21.32,GT,2,42.64,183.352,50.0,,,,,,50.0,,,,,,,,,,100.0
220,15.99,GT,2,5.33,5.33,50.0,,,,,,,,,,,,,50.0,,,100.0
221,15.99,HND,1,15.99,7.995,80.0,20.0,,,,,,,,,,,,,,,100.0
222,26.650000000000002,HND,1,200.0,200.0,50.0,50.0,,,,,,,,,,,,,,,100.0
223,23.985,GT,2,5.33,2.665,100.0,,,,,,,,,,,,,,,,100.0
224,31.98,HND,1,10.66,3.5533333333333332,70.0,,,,,,,,,,,,,,30.0,,100.0
225,53.300000000000004,GT,2,1000.0,2000.0,,15.0,,,,,,,,,,35.0,,50.0,,,100.0
226,47.97,GT,2,400.0,800.0,70.0,10.0,,,20.0,,,,,,,,,,,,100.0
227,13.325000000000001,GT,2,1.99875,1.99875,50.0,,,,30.0,20.0,,,,,,,,,,,100.0
228,14.924000000000001,GT,1,149.24,149.24,80.0,,,,,20.0,,,,,,,,,,,100.0
229,53.300000000000004,GT,1,53.300000000000004,53.300000000000004,40.0,25.0,,,,,35.0,,,,,,,,,,100.0
230,15.99,GT,2,3.7310000000000003,0.6218333333333333,50.0,,,,50.0,,,,,,,,,,,,100.0
231,37.31,GT,2,15.99,15.99,75.0,,25.0,,,,,,,,,,,,,,100.0
232,346.45,GT,2,319.8,319.8,30.0,70.0,,,,,,,,,,,,,,,100.0
233,53.300000000000004,GT,2,31.98,31.98,,,,,,,75.0,,,25.0,,,,,,,100.0
234,15.99,GT,1,300.0,600.0,70.0,,,15.0,15.0,,,,,,,,,,,,100.0
235,47.97,GT,1,350.0,350.0,75.0,,,,25.0,,,,,,,,,,,,100.0
236,11.726,GT,1,150.0,300.0,50.0,25.0,,,25.0,,,,,,,,,,,,100.0
237,18.655,GT,1,18.655,18.655,60.0,,,,20.0,20.0,,,,,,,,,,,100.0
238,15.99,GT,1,7.995,7.995,60.0,,,,20.0,20.0,,,,,,,,,,,100.0
239,7.7285,GT,2,3.9975,0.333125,75.0,,,,25.0,,,,,,,,,,,,100.0
240,42.64,GT,1,7.995,1.3325,50.0,25.0,,,25.0,,,,,,,,,,,,100.0
241,200.0,HND,1,0.5329999999999999,1.0659999999999998,80.0,,,10.0,10.0,,,,,,,,,,,,100.0
242,15.99,HND,2,10.66,10.66,50.0,50.0,,,,,,,,,,,,,,,100.0
243,10.66,HND,2,7.462,0.6218333333333333,50.0,50.0,,,,,,,,,,,,,,,100.0
244,10.66,HND,2,7.462,7.462,50.0,,,,,,30.0,,,,,,,,,20.0,100.0
245,10.66,HND,2,6.396000000000001,1.066,50.0,,,,,,,,,,,,,,,50.0,100.0
246,31.98,HND,1,31.98,31.98,50.0,,,,50.0,,,,,,,,,,,,100.0
247,200.0,SLV,1,50.0,50.0,80.0,,,10.0,10.0,,,,,,,,,,,,100.0
248,100.0,SLV,1,100.0,100.0,100.0,,,,,,,,,,,,,,,,100.0
249,35.0,SLV,1,25.0,8.333333333333334,90.0,,,,10.0,,,,,,,,,,,,100.0
250,300.0,SLV,1,25.0,12.5,75.0,,,,25.0,,,,,,,,,,,,100.0
251,53.300000000000004,HND,1,100.0,16.666666666666668,100.0,,,,,,,,,,,,,,,,100.0
252,26.650000000000002,HND,1,30.0,60.0,,,,,100.0,,,,,,,,,,,,100.0
253,42.64,HND,1,31.98,31.98,50.0,40.0,,,10.0,,,,,,,,,,,,100.0
254,150.0,SLV,1,150.0,150.0,60.0,,,,40.0,,,,,,,,,,,,100.0
255,90.0,SLV,1,60.0,60.0,80.0,,,,20.0,,,,,,,,,,,,100.0
256,150.0,SLV,1,100.0,100.0,50.0,,,,50.0,,,,,,,,,,,,100.0
257,300.0,SLV,1,200.0,400.0,50.0,50.0,,,,,,,,,,,,,,,100.0
258,300.0,SLV,1,150.0,150.0,,,,33.0,33.0,34.0,,,,,,,,,,,100.0
259,500.0,SLV,1,100.0,16.666666666666668,50.0,50.0,,,,,,,,,,,,,,,100.0
260,500.0,SLV,1,150.0,50.0,100.0,,,,,,,,,,,,,,,,100.0
261,200.0,SLV,1,150.0,25.0,50.0,,,,50.0,,,,,,,,,,,,100.0
262,200.0,SLV,1,50.0,50.0,50.0,25.0,,,25.0,,,,,,,,,,,,100.0
263,500.0,SLV,2,200.0,100.0,75.0,,,,,,,,,,,,,,25.0,,100.0
264,100.0,SLV,2,300.0,300.0,,,,,,,100.0,,,,,,,,,,100.0
265,100.0,SLV,2,125.0,10.416666666666666,80.0,,,,20.0,,,,,,,,,,,,100.0
266,700.0,SLV,2,300.0,150.0,40.0,60.0,,,,,,,,,,,,,,,100.0
267,400.0,SLV,2,300.0,300.0,40.0,30.0,,,30.0,,,,,,,,,,,,100.0
268,200.0,SLV,1,150.0,75.0,50.0,25.0,,,25.0,,,,,,,,,,,,100.0
269,200.0,SLV,1,150.0,150.0,100.0,,,,,,,,,,,,,,,,100.0
270,18.655,HND,1,12.792000000000002,25.584000000000003,100.0,,,,,,,,,,,,,,,,100.0
271,7.995,HND,1,12.792000000000002,12.792000000000002,100.0,,,,,,,,,,,,,,,,100.0
272,42.64,HND,1,10.66,1.7766666666666666,100.0,,,,,,,,,,,,,,,,100.0
273,31.98,HND,1,37.31,74.62,100.0,,,,,,,,,,,,,,,,100.0
274,53.300000000000004,HND,1,26.650000000000002,53.300000000000004,100.0,,,,,,,,,,,,0.0,,,0.0,100.0
275,7.995,HND,1,10.66,0.8883333333333333,100.0,,,,,,,,,,,,,,,,100.0
276,4.264,GT,2,12.259,12.259,25.0,,,75.0,,,,,,,,,,,,,100.0
277,200.0,SLV,1,100.0,100.0,70.0,,,,30.0,,,,,,,,,,,,100.0
278,106.60000000000001,HND,2,400.0,400.0,30.0,20.0,,,50.0,,,,,,,,,,,,100.0
279,85.28,HND,2,42.64,85.28,50.0,,,,50.0,,,,,,,,,,,,100.0
280,42.64,HND,2,15.99,5.33,,,,,,,100.0,,,,,,,,,,100.0
281,5.33,GT,2,1.599,1.599,,,,100.0,,,,,,,,,,,,,100.0
282,10.66,GT,2,127.92,127.92,50.0,,,30.0,20.0,,,,,,,,,,,,100.0
283,37.31,GT,2,26.650000000000002,26.650000000000002,30.0,,,,20.0,,,,,,,,,50.0,,,100.0
284,13.325000000000001,GT,2,150.0,50.0,100.0,,,,,,,,,,,,,,,,100.0
285,8.528,GT,2,63.96,63.96,75.0,,,,25.0,,,,,,,,,,,,100.0
286,26.650000000000002,GT,2,3.9975,0.66625,75.0,,,,25.0,,,,,,,,,,,,100.0
287,2.132,GT,2,5.33,0.44416666666666665,,75.0,,,25.0,,,,,,,,,,,,100.0
288,15.99,GT,2,5.33,5.33,50.0,25.0,25.0,,,,,,,,,,,,,,100.0
289,26.650000000000002,GT,2,10.66,21.32,50.0,25.0,,,25.0,,,,,,,,,,,,100.0
290,15.99,GT,2,3.9975,3.9975,60.0,,,,30.0,10.0,,,,,,,,,,,100.0
291,18.655,GT,2,7.995,7.995,50.0,,,,35.0,15.0,,,,,,,,,,,100.0
292,21.32,HND,1,200.0,400.0,100.0,,,,,,,,,,,,,,,,100.0
293,13.325000000000001,GT,2,4.264,2.132,100.0,,,,,,,,,,,,,,,,100.0
294,10.66,GT,2,3.7310000000000003,3.7310000000000003,,,,,,,100.0,,,,,,,,,,100.0
295,10.66,GT,2,7.462000000000001,7.462000000000001,80.0,,,,5.0,,,,,,,,,15.0,,,100.0
296,85.28,HND,2,300.0,300.0,40.0,,,,10.0,,,,,,50.0,,,,,,100.0
297,10.66,HND,1,6.396000000000001,1.066,50.0,,,,25.0,25.0,,,,,,,,,,,100.0
298,10.66,HND,1,10.66,10.66,50.0,,,,,,50.0,,,,,,,,,,100.0
299,15.99,GT,2,7.995,7.995,50.0,25.0,,25.0,,,,,,,,,,,,,100.0
300,47.97,GT,2,5.33,5.33,50.0,50.0,,,,,,,,,,,,,,,100.0
301,600.0,HND,2,100.0,430.0,50.0,25.0,,,25.0,,,,,,,,,,,,100.0
302,15.99,HND,1,10.66,10.66,50.0,25.0,,25.0,,,,,,,,,,,,,100.0
303,800.0,HND,2,400.0,800.0,50.0,25.0,,,,,,,,,,25.0,,,,,100.0
304,10.66,HND,2,12.792000000000002,12.792000000000002,50.0,30.0,,,20.0,,,,,,,,,,,,100.0
305,7.995,HND,2,7.462,7.462,100.0,,,,,,,,,,,,,,,,100.0
306,10.66,HND,2,6.929,3.4645,100.0,,,,,,,,,,,,,,,,100.0
307,5.33,HND,2,5.33,0.8883333333333333,50.0,,,,50.0,,,,,,,,,,,,100.0
308,10.66,HND,1,10.66,10.66,100.0,,,,,,,,,,,,,,,,100.0
309,10.66,HND,1,10.66,10.66,30.0,,,,,,,,,,,,,,,70.0,100.0
310,10.66,HND,1,7.995,2.665,50.0,30.0,,,20.0,,,,,,,,,,,,100.0
311,10.66,HND,1,10.66,3.5533333333333332,,100.0,,,,,,,,,,,,,,,100.0
312,10.66,HND,2,10.66,10.66,50.0,30.0,,,20.0,,,,,,,,,,,,100.0
313,31.98,HND,2,31.98,31.98,50.0,20.0,,30.0,,,,,,,,,,,,,100.0
314,800.0,SLV,1,100.0,50.0,50.0,,,,40.0,10.0,,,,,,,,,,,100.0
315,600.0,SLV,1,200.0,66.66666666666667,100.0,,,,,,,,,,,,,,,,100.0
316,100.0,SLV,1,50.0,8.333333333333334,,100.0,,,,,,,,,,,,,,,100.0
317,26.650000000000002,HND,1,4.797,2.3985,50.0,,50.0,,,,,,,,,,,,,,100.0
318,250.0,SLV,2,70.0,70.0,100.0,,,,,,,,,,,,,,,,100.0
319,200.0,SLV,1,100.0,100.0,100.0,,,,,,,,,,,,,,,,100.0
320,150.0,SLV,1,100.0,100.0,100.0,,,,,,,,,,,,,,,,100.0
321,150.0,SLV,1,100.0,33.333333333333336,50.0,,,,50.0,,,,,,,,,,,,100.0
322,700.0,SLV,1,200.0,200.0,50.0,30.0,,,,20.0,,,,,,,,,,,100.0
323,400.0,SLV,1,250.0,250.0,60.0,,,20.0,20.0,,,,,,,,,,,,100.0
324,200.0,SLV,1,200.0,400.0,60.0,,,,40.0,,,,,,,,,,,,100.0
325,200.0,SLV,1,200.0,200.0,100.0,,,,,,,,,,,,,,,,100.0
326,39.975,HND,2,75.0,150.0,100.0,,,,,,,,,,,,,,,,100.0
327,53.300000000000004,HND,1,250.0,83.33333333333333,70.0,30.0,,,,,,,,,,,,,,,100.0
328,115.0,SLV,2,50.0,215.0,70.0,,,20.0,10.0,,,,,,,,,,,,100.0
329,50.0,SLV,1,200.0,33.333333333333336,20.0,60.0,,,20.0,,,,,,,,,,,,100.0
330,63.0,SLV,1,50.0,25.0,30.0,,,,70.0,,,,,,,,,,,,100.0
331,15.99,HND,1,3.731,0.6218333333333333,100.0,,,,,,,,,,,,,,,,100.0
332,31.98,HND,1,15.99,7.995,50.0,25.0,,25.0,,,,,,,,,,,,,100.0
333,15.99,GT,2,50.0,25.0,50.0,,,,,,,,,,,,,,,50.0,100.0
334,7.462000000000001,GT,1,3.9975,1.99875,50.0,50.0,,,,,,,,,,,,,,,100.0
335,53.300000000000004,GT,2,3.98151,1.32717,50.0,,,,,50.0,,,,,,,,,,,100.0
336,1000.0,GT,1,500.0,250.0,25.0,,,,25.0,,50.0,,,,,,,,,,100.0
337,10.66,GT,1,7.462000000000001,7.462000000000001,50.0,,,,25.0,,25.0,,,,,,,,,,100.0
338,1.99875,GT,1,1.9880900000000001,1.9880900000000001,100.0,,,,,,,,,,,,,,,,100.0
339,21.32,GT,2,10.66,21.32,50.0,,,25.0,25.0,,,,,,,,,,,,100.0
340,8.528,GT,2,7.995,3.9975,30.0,70.0,,,,,,,,,,,,,,,100.0
341,15.99,GT,2,10.66,3.5533333333333332,50.0,30.0,,,20.0,,,,,,,,,,,,100.0
342,15.99,GT,2,18.655,18.655,50.0,,,,30.0,20.0,,,,,,,,,,,100.0
343,26.650000000000002,GT,2,200.0,200.0,50.0,,,,25.0,25.0,,,,,,,,,,,100.0
344,10.66,HND,1,6.396000000000001,6.396000000000001,100.0,,,,,,,,,,,,,,,,100.0
345,10.66,GT,1,7.995,2.665,80.0,,,,20.0,,,,,,,,,,,,100.0
346,10.66,GT,1,7.462000000000001,2.4873333333333334,,100.0,,,,,,,,,,,,,,,100.0
347,7.462000000000001,GT,1,7.462000000000001,3.7310000000000003,50.0,50.0,,,,,,,,,,,,,,,100.0
348,10.66,GT,1,7.995,7.995,25.0,,,,75.0,,,,,,,,,,,,100.0
349,4.264,GT,1,4.1041,2.05205,10.0,70.0,,,20.0,,,,,,,,,,,,100.0
350,74.62,GT,1,7.995,3.9975,50.0,,,,30.0,,,,,,,,,,,20.0,100.0
351,7.995,GT,1,15.99,7.995,50.0,30.0,,,20.0,,,,,,,,,,,,100.0
352,1000.0,SLV,1,1000.0,1000.0,25.0,65.0,,,10.0,,,,,,,,,,,,100.0
353,200.0,SLV,1,100.0,50.0,,,,,,,,,,,,,,,,100.0,100.0
354,50.0,SLV,1,50.0,25.0,50.0,,,,50.0,,,,,,,,,,,,100.0
355,240.0,SLV,1,30.0,30.0,80.0,20.0,,,,,,,,,,,,,,,100.0
356,800.0,SLV,1,200.0,400.0,50.0,,,,20.0,,30.0,,,,,,,,,,100.0
357,26.650000000000002,HND,1,26.650000000000002,53.300000000000004,30.0,20.0,,,50.0,,,,,,,,,,,,100.0
358,39.975,HND,1,18.655,3.109166666666667,25.0,,75.0,,,,,,,,,,,,,,100.0
359,14.924,HND,1,11.726,11.726,30.0,50.0,,,,,,,,,,20.0,,,,,100.0
360,23.985,HND,2,6.396000000000001,1.066,75.0,,,25.0,,,,,,,,,,,,,100.0
361,42.64,HND,2,25.584000000000003,4.264,,,,,,,,,,,,,,,,100.0,100.0
362,100.0,SLV,1,50.0,8.333333333333334,60.0,,,,,40.0,,,,,,,,,,,100.0
363,350.0,SLV,1,100.0,33.333333333333336,100.0,,,,,,,,,,,,,,,,100.0
364,500.0,SLV,1,280.0,280.0,80.0,20.0,,,,,,,,,,,,,,,100.0
365,600.0,SLV,1,40.0,20.0,100.0,,,,,,,,,,,,,,,,100.0
366,200.0,SLV,1,100.0,100.0,10.0,80.0,,,,10.0,,,,,,,,,,,100.0
367,600.0,SLV,2,500.0,1000.0,50.0,25.0,,,25.0,,,,,,,,,,,,100.0
368,1000.0,SLV,2,800.0,800.0,,70.0,,,,,,30.0,,,,,,,,,100.0
369,200.0,SLV,2,100.0,100.0,70.0,,,,30.0,,,,,,,,,,,,100.0
370,100.0,SLV,2,100.0,100.0,80.0,,,,20.0,,,,,,,,,,,,100.0
371,300.0,SLV,2,225.0,75.0,,,,100.0,,,,,,,,,,,,,100.0
372,200.0,SLV,2,200.0,33.333333333333336,60.0,,,,40.0,,,,,,,,,,,,100.0
373,20.0,SLV,2,50.0,8.333333333333334,60.0,40.0,,,,,,,,,,,,,,,100.0
374,475.0,SLV,2,300.0,100.0,,100.0,,,,,,,,,,,,,,,100.0
375,150.0,SLV,1,90.0,15.0,100.0,,,,,,,,,,,,,,,,100.0
376,800.0,SLV,1,100.0,100.0,,,,,100.0,,,,,,,,,,,,100.0
377,250.0,SLV,1,100.0,100.0,80.0,,,,20.0,,,,,,,,,,,,100.0
378,275.0,SLV,1,200.0,200.0,,100.0,,,,,,,,,,,,,,,100.0
379,210.0,SLV,1,150.0,150.0,60.0,,,40.0,,,,,,,,,,,,,100.0
380,250.0,SLV,1,200.0,860.0,50.0,,,,50.0,,,,,,,,,,,,100.0
381,1.5990000000000002,HND,2,15.99,15.99,70.0,15.0,,,,15.0,,,,,,,,,,,100.0
382,53.300000000000004,HND,2,53.300000000000004,53.300000000000004,70.0,20.0,,10.0,,,,,,,,,,,,,100.0
383,15.99,HND,2,5.33,1.7766666666666666,70.0,10.0,,20.0,,,,,,,,,,,,,100.0
384,80.0,SLV,1,100.0,100.0,90.0,,,,10.0,,,,,,,,,,,,100.0
385,90.0,SLV,1,150.0,75.0,80.0,20.0,,,,,,,,,,,,,,,100.0
386,100.0,SLV,1,50.0,4.166666666666667,100.0,,,,,0.0,,,,,,,,,,,100.0
387,150.0,SLV,1,100.0,100.0,100.0,,,,,,,,,,,,,,,,100.0
388,350.0,SLV,1,100.0,50.0,100.0,,,,,,,,,,,,,,,,100.0
389,21.32,HND,1,50.0,8.333333333333334,100.0,,,,,,,,,,,,,,,,100.0
390,26.650000000000002,HND,1,50.0,8.333333333333334,100.0,,,,,,,,,,,,,,,,100.0
391,14.924000000000001,GT,1,3.7310000000000003,7.462000000000001,50.0,,,,50.0,,,,,,,,,,,,100.0
392,7.995,GT,2,10.66,3.5533333333333332,50.0,,,,50.0,,,,,,,,,,,,100.0
393,13.325000000000001,GT,1,13.325000000000001,13.325000000000001,30.0,70.0,,,,,,,,,,,,,,,100.0
394,13.325000000000001,GT,1,3.7310000000000003,1.2436666666666667,100.0,,,,,,,,,,,,,,,,100.0
395,10.66,GT,2,10.66,10.66,70.0,,,,30.0,,,,,,,,,,,,100.0
396,45.305,GT,2,1000.0,1000.0,60.0,20.0,,,20.0,,,,,,,,,,,,100.0
397,4.264,GT,1,300.0,25.0,50.0,,,,,50.0,,,,,,,,,,,100.0
398,1200.0,GT,1,300.0,1290.0,50.0,25.0,25.0,,,,,,,,,,,,,,100.0
399,9.594000000000001,GT,1,3.9975,3.9975,50.0,,,,50.0,,,,,,,,,,,,100.0
400,9.061,GT,1,3.7310000000000003,1.8655000000000002,100.0,,,,,,,,,,,,,,,,100.0
401,10.66,GT,2,2.665,0.8883333333333333,75.0,,,,25.0,,,,,,,,,,,,100.0
402,7.995,GT,2,15.99,7.995,,,,,,,,,100.0,,,,,,,,100.0
403,10.66,GT,1,7.995,7.995,50.0,,,,30.0,20.0,,,,,,,,,,,100.0
404,26.650000000000002,GT,1,7.995,7.995,70.0,,,,30.0,,,,,,,,,,,,100.0
405,1.8655000000000002,GT,1,2.9315,0.9771666666666667,50.0,25.0,,,25.0,,,,,,,,,,,,100.0
406,7.995,GT,1,15.99,5.33,,100.0,,,,,,,,,,,,,,,100.0
407,5.33,GT,1,7.995,7.995,20.0,80.0,,,,,,,,,,,,,,,100.0
408,5.33,GT,1,3.9975,0.66625,,100.0,,,,,,,,,,,,,,,100.0
409,21.32,GT,1,10.66,10.66,80.0,,,,20.0,,,,,,,,,,,,100.0
410,15.99,GT,1,7.995,3.9975,50.0,,,,50.0,,,,,,,,,,,,100.0
411,7.995,GT,1,4.264,4.264,100.0,,,,,,,,,,,,,,,,100.0
412,63.96,HND,1,15.99,15.99,50.0,50.0,,,,,,,,,,,,,,,100.0
413,31.98,HND,1,15.99,31.98,50.0,50.0,,,,,,,,,,,,,,,100.0
414,37.31,HND,1,11.726,11.726,100.0,,,,,,,,,,,,,,,,100.0
415,36.244,HND,2,25.584000000000003,8.528,100.0,,,,,,,,,,,,,,,,100.0
416,42.64,HND,2,53.300000000000004,106.60000000000001,,,,,,,,,,,,100.0,,,,,100.0
417,57.564,HND,1,100.0,16.666666666666668,50.0,50.0,,,,,,,,,,,,,,,100.0
418,425.0,SLV,1,150.0,300.0,75.0,25.0,,,,,,,,,,,,,,,100.0
419,250.0,SLV,1,150.0,150.0,75.0,,,,25.0,,,,,,,,,,,,100.0
420,150.0,SLV,1,100.0,100.0,50.0,,,,50.0,,,,,,,,,,,,100.0
421,80.0,SLV,1,100.0,100.0,100.0,,,,,,,,,,,,,,,,100.0
422,180.0,SLV,1,100.0,33.333333333333336,100.0,,,,,,,,,,,,,,,,100.0
423,50.0,SLV,1,50.0,16.666666666666668,100.0,,,,,,,,,,,,,,,,100.0
424,200.0,SLV,1,200.0,16.666666666666668,70.0,,,,30.0,,,,,,,,,,,,100.0
425,47.437,HND,1,120.0,60.0,50.0,50.0,,,,,,,,,,,,,,,100.0
426,70.0,SLV,1,100.0,16.666666666666668,100.0,,,,,,,,,,,,,,,,100.0
427,360.0,SLV,1,50.0,16.666666666666668,50.0,,,,,,,,,25.0,,,,,,25.0,100.0
428,80.0,SLV,2,50.0,50.0,50.0,25.0,,,25.0,,,,,,,,,,,,100.0
429,1000.0,SLV,2,250.0,41.666666666666664,50.0,50.0,,,,,,,,,,,,,,,100.0
430,500.0,SLV,2,60.0,10.0,100.0,,,,,,,,,,,,,,,,100.0
431,600.0,SLV,2,200.0,200.0,50.0,,,,50.0,,,,,,,,,,,,100.0
432,275.0,SLV,2,200.0,400.0,,100.0,,,,,,,,,,,,,,,100.0
433,500.0,SLV,2,200.0,400.0,80.0,,,,20.0,,,,,,,,,,,,100.0
434,100.0,SLV,2,50.0,4.166666666666667,100.0,,,,,,,,,,,,,,,,100.0
435,150.0,SLV,1,60.0,30.0,100.0,,,,,,,,,,,,,,,,100.0
436,120.0,SLV,1,100.0,50.0,75.0,,,,25.0,,,,,,,,,,,,100.0
437,100.0,SLV,2,100.0,33.333333333333336,50.0,,,,50.0,,,,,,,,,,,,100.0
438,80.0,SLV,2,50.0,8.333333333333334,30.0,,,,70.0,,,,,,,,,,,,100.0
439,150.0,SLV,2,100.0,100.0,60.0,20.0,,,20.0,,,,,,,,,,,,100.0
440,50.0,SLV,2,50.0,100.0,100.0,,,,,,,,,,,,,,,,100.0
441,150.0,SLV,1,200.0,200.0,50.0,,,,10.0,,,,,,,,,40.0,,,100.0
442,100.0,SLV,1,100.0,50.0,50.0,50.0,,,,,,,,,,,,,,,100.0
443,250.0,SLV,1,100.0,100.0,20.0,80.0,,,,,,,,,,,,,,,100.0
444,300.0,SLV,1,300.0,300.0,,,,,,50.0,,,,,,,,,,50.0,100.0
445,160.0,SLV,2,100.0,33.333333333333336,50.0,50.0,,,,,,,,,,,,,,,100.0
446,150.0,SLV,2,150.0,150.0,60.0,40.0,,,,,,,,,,,,,,,100.0
447,150.0,SLV,2,200.0,100.0,20.0,80.0,,,,,,,,,,,,,,,100.0
448,250.0,SLV,2,100.0,50.0,20.0,50.0,,,30.0,,,,,,,,,,,,100.0
449,250.0,SLV,1,75.0,25.0,50.0,50.0,,,,,,,,,,,,,,,100.0
450,250.0,SLV,2,350.0,350.0,100.0,,,,,,,,,,,,,,,,100.0
451,400.0,SLV,2,200.0,200.0,,,,,75.0,,,,,,25.0,,,,,,100.0
452,300.0,SLV,2,300.0,600.0,50.0,,,,20.0,,30.0,,,,,,,,,,100.0
453,200.0,SLV,2,160.0,160.0,,100.0,,,,,,,,,,,,,,,100.0
454,30.0,SLV,2,150.0,150.0,,75.0,,,25.0,,,,,,,,,,,,100.0
455,200.0,SLV,1,25.0,8.333333333333334,100.0,,,,,,,,,,,,,,,,100.0
456,450.0,SLV,1,75.0,37.5,,,,,100.0,,,,,,,,,,,,100.0
457,375.0,SLV,1,200.0,200.0,,,,,,,,,,,,,,,100.0,,100.0
458,400.0,SLV,1,100.0,100.0,,100.0,,,,,,,,,,,,,,,100.0
459,200.0,SLV,2,100.0,100.0,70.0,10.0,,,,,,,,,,,,,,20.0,100.0
460,150.0,SLV,2,50.0,50.0,80.0,,,,20.0,,,,,,,,,,,,100.0
461,600.0,SLV,2,200.0,200.0,50.0,,,,40.0,,,,,,10.0,,,,,,100.0
462,360.0,SLV,2,100.0,200.0,60.0,,,,40.0,,,,,,,,,,,,100.0
463,200.0,SLV,1,50.0,16.666666666666668,50.0,,,,25.0,,,,,,,25.0,,,,,100.0
464,100.0,SLV,1,100.0,33.333333333333336,50.0,25.0,,,25.0,,,,,,,,,,,,100.0
465,600.0,SLV,1,300.0,300.0,,,,,100.0,,,,,,,,,,,,100.0
466,600.0,SLV,1,300.0,300.0,50.0,50.0,,,,,,,,,,,,,,,100.0
467,150.0,SLV,1,50.0,50.0,50.0,25.0,,,25.0,,,,,,,,,,,,100.0
468,50.0,SLV,1,50.0,50.0,100.0,0.0,,,,,,,,,,,,,,,100.0
469,200.0,SLV,1,100.0,50.0,80.0,20.0,,,,,,,,,,,,,,,100.0
470,37.31,HND,2,37.31,37.31,90.0,10.0,,,,,,,,,,,,,,,100.0
471,2.665,GT,1,150.0,12.5,,,,,,,100.0,,,,,,,,,,100.0
472,4.264,GT,1,100.0,100.0,,100.0,,,,,,,,,,,,,,,100.0
473,26.650000000000002,GT,1,5000.0,5000.0,50.0,,,,50.0,,,,,,,,,,,,100.0
474,95.94,HND,2,24.518,24.518,60.0,,,20.0,,,,20.0,,,,,,,,,100.0
475,18.655,GT,2,500.0,500.0,50.0,25.0,,,25.0,,,,,,,,,,,,100.0
476,43.706,HND,1,13.325000000000001,4.441666666666667,,100.0,,,,,,,,,,,,,,,100.0
477,15.99,HND,1,6.396000000000001,3.1980000000000004,50.0,50.0,,,,,,,,,,,,,,,100.0
478,37.31,HND,1,6.396000000000001,27.5028,100.0,,,,,,,,,,,,,,,,100.0
479,15.99,GT,2,10.66,10.66,60.0,,,,20.0,20.0,,,,,,,,,,,100.0
480,15.99,GT,2,15.99,15.99,20.0,70.0,,,10.0,,,,,,,,,,,,100.0
481,37.31,GT,2,13.325000000000001,6.6625000000000005,30.0,60.0,,,10.0,,,,,,,,,,,,100.0
482,31.98,GT,2,7.995,3.9975,60.0,,,,30.0,10.0,,,,,,,,,,,100.0
483,23.985,GT,2,7.462000000000001,3.7310000000000003,50.0,25.0,25.0,,,,,,,,,,,,,,100.0
484,21.32,GT,2,21.32,42.64,25.0,,,,,,,,,,,75.0,,,,,100.0
485,13.325000000000001,GT,2,3.9975,3.9975,75.0,,25.0,,,,,,,,,,,,,,100.0
486,106.60000000000001,HND,2,500.0,500.0,30.0,50.0,,,,,,,,,,20.0,,,,,100.0
487,26.650000000000002,GT,2,5.33,1.7766666666666666,,100.0,,,,,,,,,,,,,,,100.0
488,26.650000000000002,GT,2,7.995,1.3325,50.0,25.0,,,,25.0,,,,,,,,,,,100.0
489,31.98,GT,2,7.995,2.665,60.0,,,,40.0,,,,,,,,,,,,100.0
490,7.462000000000001,GT,2,5.33,5.33,50.0,,,,,50.0,,,,,,,,,,,100.0
491,300.0,HND,1,19.385210000000004,38.77042000000001,50.0,40.0,,,10.0,,,,,,,,,,,,100.0
492,100.0,SLV,1,100.0,100.0,,100.0,,,,,,,,,,,,,,,100.0
493,70.0,SLV,1,50.0,4.166666666666667,100.0,,,,,,,,,,,,,,,,100.0
494,50.0,SLV,1,50.0,50.0,30.0,,,,70.0,,,,,,,,,,,,100.0
495,26.650000000000002,GT,2,10.66,10.66,50.0,,,,25.0,,25.0,,,,,,,,,,100.0
496,23.985,HND,1,5.33,0.44416666666666665,100.0,,,,,,,,,,,,,,,,100.0
497,14.924000000000001,GT,2,4.264,4.264,50.0,,,,,50.0,,,,,,,,,,,100.0
498,10.66,HND,1,6.396000000000001,3.1980000000000004,100.0,,,,,,,,,,,,,,,,100.0
499,150.0,SLV,1,150.0,150.0,60.0,15.0,,,25.0,,,,,,,,,,,,100.0
500,300.0,SLV,1,50.0,50.0,100.0,,,,,,,,,,,,,,,,100.0
501,360.0,SLV,1,100.0,100.0,70.0,,,,30.0,,,,,,,,,,,,100.0
502,60.0,SLV,1,60.0,20.0,,,,,100.0,,,,,,,,,,,,100.0
503,280.0,SLV,1,30.0,10.0,50.0,50.0,,,,,,,,,,,,,,,100.0
504,250.0,SLV,1,80.0,26.666666666666668,60.0,,18.0,,22.0,,,,,,,,,,,,100.0
505,150.0,SLV,1,100.0,100.0,50.0,20.0,,,30.0,,,,,,,,,,,,100.0
506,300.0,SLV,1,200.0,200.0,50.0,,25.0,,25.0,,,,,,,,,,,,100.0
507,300.0,SLV,2,200.0,100.0,60.0,,,,30.0,10.0,,,,,,,,,,,100.0
508,250.0,SLV,1,150.0,12.5,70.0,30.0,,,,,,,,,,,,,,,100.0
509,300.0,SLV,1,200.0,200.0,60.0,30.0,,10.0,,,,,,,,,,,,,100.0
510,350.0,SLV,2,150.0,50.0,80.0,,,,20.0,,,,,,,,,,,,100.0
511,300.0,SLV,1,100.0,200.0,80.0,,,,20.0,,,,,,,,,,,,100.0
512,190.0,SLV,1,500.0,500.0,30.0,50.0,,,20.0,,,,,,,,,,,,100.0
513,800.0,SLV,1,400.0,800.0,50.0,20.0,,30.0,,,,,,,,,,,,,100.0
514,275.0,SLV,1,60.0,30.0,100.0,,,,,,,,,,,,,,,,100.0
515,90.61,HND,1,150.0,300.0,50.0,35.0,,,15.0,,,,,,,,,,,,100.0
516,350.0,SLV,1,150.0,150.0,50.0,25.0,,,25.0,,,,,,,,,,,,100.0
517,300.0,SLV,1,50.0,8.333333333333334,50.0,,,,50.0,,,,,,,,,,,,100.0
518,300.0,SLV,2,200.0,100.0,50.0,30.0,,,20.0,,,,,,,,,,,,100.0
519,300.0,SLV,1,50.0,8.333333333333334,30.0,50.0,,,20.0,,,,,,,,,,,,100.0
520,250.0,SLV,1,20.0,20.0,100.0,,,,,,,,,,,,,,,,100.0
521,200.0,SLV,1,100.0,16.666666666666668,100.0,,,,,,,,,,,,,,,,100.0
522,250.0,SLV,1,250.0,250.0,,100.0,,,,,,,,,,,,,,,100.0
523,200.0,SLV,1,50.0,50.0,100.0,,,,,,,,,,,,,,,,100.0
524,300.0,SLV,1,200.0,200.0,40.0,,,,60.0,,,,,,,,,,,,100.0
525,420.0,SLV,1,300.0,300.0,60.0,,,,40.0,,,,,,,,,,,,100.0
526,120.0,SLV,1,60.0,10.0,100.0,,,,,,,,,,,,,,,,100.0
527,500.0,SLV,1,500.0,500.0,40.0,40.0,,,20.0,,,,,,,,,,,,100.0
528,400.0,SLV,1,50.0,4.166666666666667,30.0,70.0,,,,,,,,,,,,,,,100.0
529,150.0,SLV,1,120.0,240.0,60.0,20.0,20.0,,,,,,,,,,,,,,100.0
530,300.0,SLV,1,200.0,33.333333333333336,50.0,,,,,,50.0,,,,,,,,,,100.0
531,300.0,SLV,1,100.0,33.333333333333336,50.0,,,,50.0,,,,,,,,,,,,100.0
532,200.0,SLV,1,100.0,200.0,90.0,10.0,,,,,,,,,,,,,,,100.0
533,150.0,SLV,1,100.0,100.0,100.0,,,,,,,,,,,,,,,,100.0
534,100.0,SLV,1,100.0,100.0,70.0,,,,30.0,,,,,,,,,,,,100.0
535,1200.0,SLV,1,100.0,100.0,,,,,70.0,,,,,,,,,,30.0,,100.0
536,270.0,SLV,2,75.0,37.5,100.0,,,,,,,,,,,,,,,,100.0
537,500.0,SLV,2,300.0,300.0,80.0,,,,20.0,,,,,,,,,,,,100.0
538,5.33,GT,1,15.99,15.99,50.0,,,,25.0,,,,,25.0,,,,,,,100.0
539,8.528,GT,1,3.9975,0.66625,50.0,50.0,,,,,,,,,,,,,,,100.0
540,10.66,GT,1,1.599,0.7995,50.0,,,,50.0,,,,,,,,,,,,100.0
541,9.061,GT,1,50.0,16.666666666666668,100.0,,,,,,,,,,,,,,,,100.0
542,85.28,HND,1,300.0,600.0,50.0,50.0,,,,,,,,,,,,,,,100.0
543,7.462000000000001,GT,2,6.396,12.792,40.0,,20.0,,40.0,,,,,,,,,,,,100.0
544,15.99,GT,2,3.9975,3.9975,50.0,,,,50.0,,,,,,,,,,,,100.0
545,63.96,GT,2,13.325000000000001,13.325000000000001,100.0,,,,,,,,,,,,,,,,100.0
546,42.64,GT,2,15.99,15.99,70.0,,,,,,30.0,,,,,,,,,,100.0
547,15.99,HND,1,10.66,10.66,,,,,,,100.0,,,,,,,,,,100.0
548,21.32,HND,1,21.32,21.32,50.0,50.0,,,,,,,,,,,,,,,100.0
549,7.995,GT,1,5.33,0.8883333333333333,70.0,30.0,,,,,,,,,,,,,,,100.0
550,6.929,GT,1,6.396,6.396,100.0,,,,,,,,,,,,,,,,100.0
551,7.995,GT,1,7.995,3.9975,75.0,,25.0,,,,,,,,,,,,,,100.0
552,5.33,GT,1,5.33,5.33,100.0,,,,,,,,,,,,,,,,100.0
553,7.995,GT,2,2.132,0.35533333333333333,100.0,,,,,,,,,,,,,,,,100.0
554,7.1955,GT,2,7.995,1.3325,,100.0,,,,,,,,,,,,,,,100.0
555,10.66,GT,2,2.665,0.8883333333333333,100.0,,,,,,,,,,,,,,,,100.0
556,42.64,HND,2,100.0,8.333333333333334,50.0,,,,10.0,40.0,,,,,,,,,,,100.0
557,14.924000000000001,GT,1,3.8909000000000002,3.8909000000000002,60.0,,,,20.0,20.0,,,,,,,,,,,100.0
558,15.99,GT,1,11.193,5.5965,30.0,50.0,,,20.0,,,,,,,,,,,,100.0
559,13.325000000000001,GT,1,200.0,400.0,70.0,30.0,,,,,,,,,,,,,,,100.0
560,10.66,GT,1,200.0,200.0,75.0,25.0,,,,,,,,,,,,,,,100.0
561,7.995,GT,1,2.132,0.7106666666666667,100.0,,,,,,,,,,,,,,,,100.0
562,200.0,SLV,1,100.0,50.0,50.0,25.0,,,25.0,,,,,,,,,,,,100.0
563,1.599,GT,1,100.0,8.333333333333334,,50.0,,,,,,,,50.0,,,,,,,100.0
564,74.62,GT,1,2000.0,2000.0,30.0,,,,,20.0,,,,,,50.0,,,,,100.0
565,19.721,GT,1,100.0,100.0,60.0,25.0,,,,15.0,,,,,,,,,,,100.0
566,79.95,GT,1,10.66,1.7766666666666666,,,,,,,,,,,,100.0,,,,,100.0
567,5.33,GT,1,15.99,15.99,75.0,,,10.0,15.0,,,,,,,,,,,,100.0
568,26.650000000000002,GT,1,59.962500000000006,19.9875,60.0,40.0,,,,,,,,,,,,,,,100.0
569,10.66,GT,1,10.66,10.66,50.0,25.0,,,,,,,,25.0,,,,,,,100.0
570,26.650000000000002,GT,1,21.32,3.5533333333333332,50.0,25.0,,,,,,,,,,25.0,,,,,100.0
571,18.655,GT,1,3.7310000000000003,1.2436666666666667,75.0,,,,25.0,,,,,,,,,,,,100.0
572,31.98,GT,1,5.33,0.44416666666666665,100.0,,,,,,,,,,,,,,,,100.0
573,18.655,GT,1,18.655,18.655,50.0,30.0,,,20.0,,,,,,,,,,,,100.0
574,21.32,GT,2,10.66,3.5533333333333332,50.0,,,,50.0,,,,,,,,,,,,100.0
575,9.594000000000001,GT,2,2.665,0.22208333333333333,80.0,,,,,20.0,,,,,,,,,,,100.0
576,6.6625000000000005,GT,2,150.0,150.0,80.0,,,,10.0,10.0,,,,,,,,,,,100.0
577,85.28,GT,1,2000.0,2000.0,5.0,,,,5.0,,,,,,,90.0,,,,,100.0
578,9.594000000000001,GT,1,1.599,0.533,100.0,,,,,,,,,,,,,,,,100.0
579,7.995,GT,1,2.132,0.7106666666666667,80.0,,,,20.0,,,,,,,,,,,,100.0
580,15.99,GT,1,15.99,31.98,100.0,,,,,,,,,,,,,,,,100.0
581,7.995,GT,1,2.665,2.665,80.0,,,,,20.0,,,,,,,,,,,100.0
582,29.848000000000003,GT,2,18.655,18.655,50.0,,,35.0,,15.0,,,,,,,,,,,100.0
583,26.650000000000002,GT,2,18.655,18.655,15.0,,,20.0,65.0,,,,,,,,,,,,100.0
584,6.929,GT,1,6.929,6.929,60.0,,10.0,30.0,,,,,,,,,,,,,100.0
585,15.99,GT,1,1.599,0.7995,100.0,,,,,,,,,,,,,,,,100.0
586,15.99,GT,1,2.132,1.066,50.0,,,,50.0,,,,,,,,,,,,100.0
587,9.594000000000001,GT,1,3.7310000000000003,3.7310000000000003,50.0,50.0,,,,,,,,,,,,,,,100.0
588,38.376,HND,1,50.0,50.0,,100.0,,,,,,,,,,,,,,,100.0
589,106.60000000000001,HND,1,200.0,200.0,50.0,30.0,,,20.0,,,,,,,,,,,,100.0
590,200.0,HND,1,200.0,200.0,30.0,50.0,,,20.0,,,,,,,,,,,,100.0
591,26.650000000000002,HND,1,200.0,66.66666666666667,50.0,,,,50.0,,,0.0,,,,,,,,,100.0
592,6.396,GT,1,3.7310000000000003,3.7310000000000003,50.0,,,,50.0,,,,,,,,,,,,100.0
593,7.995,GT,1,4.1574,0.34645,60.0,40.0,,,,,,,,,,,,,,,100.0
594,5.33,GT,2,7.995,7.995,100.0,,,,,,,,,,,,,,,,100.0
595,2.665,GT,2,2.665,0.22208333333333333,100.0,,,,,,,,,,,,,,,,100.0
596,23.985,GT,2,10.66,5.33,75.0,,,,,25.0,,,,,,,,,,,100.0
597,10.66,GT,2,7.995,15.99,,,,,,,,,,,,,,100.0,,,100.0
598,15.99,GT,2,13.325000000000001,13.325000000000001,75.0,,,,25.0,,,,,,,,,,,,100.0
599,26.650000000000002,HND,1,18.655,9.3275,100.0,,,,,,,,,,,,,,,,100.0
600,23.452,HND,1,23.452,23.452,100.0,,,,,,,,,,,,,,,,100.0
601,69.29,HND,2,63.96,63.96,30.0,,,,50.0,,,20.0,,,,,,,,,100.0
602,10.66,HND,2,10.66,10.66,70.0,30.0,,,,,,,,,,,,,,,100.0
603,69.29,HND,2,40.0,6.666666666666667,100.0,,,,,,,,,,,,,,,,100.0
604,13.325000000000001,GT,1,15.99,15.99,75.0,,,,25.0,,,,,,,,,,,,100.0
605,7.462000000000001,GT,1,7.462000000000001,14.924000000000001,50.0,,,,,20.0,,,,,,,,30.0,,,100.0
606,26.650000000000002,GT,1,10.66,21.32,75.0,,,,25.0,,,,,,,,,,,,100.0
607,10.66,GT,1,3.198,1.066,50.0,50.0,,,,,,,,,,,,,,,100.0
608,6.396,GT,1,3.7310000000000003,1.2436666666666667,30.0,,,30.0,40.0,,,,,,,,,,,,100.0
609,10.66,GT,1,2500.0,1250.0,90.0,,,,,10.0,,,,,,,,,,,100.0
610,13.325000000000001,GT,1,7.995,3.9975,75.0,,,,5.0,,20.0,,,,,,,,,,100.0
611,3.7310000000000003,GT,1,18.655,6.218333333333334,20.0,80.0,,,,,,,,,,,,,,,100.0
612,26.650000000000002,GT,1,3.7310000000000003,1.2436666666666667,50.0,,,,25.0,25.0,,,,,,,,,,,100.0
613,10.66,GT,1,0.7462,0.7462,100.0,,,,,,,,,,,,,,,,100.0
614,3.9975,GT,1,3.7310000000000003,3.7310000000000003,50.0,,,,,25.0,,,,25.0,,,,,,,100.0
615,6.929,GT,1,3.9975,0.66625,75.0,,,,,25.0,,,,,,,,,,,100.0
616,5.33,GT,1,3.7310000000000003,1.8655000000000002,100.0,,,,,,,,,,,,,,,,100.0
617,13.325000000000001,GT,1,3.9975,3.9975,65.0,,,,,20.0,,,,15.0,,,,,,,100.0
618,36.244,HND,1,5.33,22.919,100.0,,,,,,,,,,,,,,,,100.0
619,10.66,HND,1,50.0,50.0,100.0,,,,,,,,,,,,,,,,100.0
620,38.376,HND,2,21.32,10.66,50.0,30.0,,,20.0,,,,,,,,,,,,100.0
621,39.975,GT,1,250.0,500.0,50.0,,,10.0,40.0,,,,,,,,,,,,100.0
622,500.0,SLV,1,50.0,4.166666666666667,100.0,,,,,,,,,,,,,,,,100.0
623,175.0,SLV,1,75.0,150.0,,100.0,,,,,,,,,,,,,,,100.0
624,100.0,SLV,1,150.0,75.0,100.0,,,,,,,,,,,,,,,,100.0
625,37.31,HND,1,100.0,100.0,70.0,,,,30.0,,,,,,,,,,,,100.0
626,5.33,GT,1,7.462000000000001,14.924000000000001,50.0,50.0,,,,,,,,,,,,,,,100.0
627,14.924000000000001,GT,2,7.462000000000001,3.7310000000000003,75.0,25.0,,,,,,,,,,,,,,,100.0
