,AVG_INCOME_USD,country,rural_urban,REMESA_AMOUNT_USD,REMESA_AMOUNT_REGPERMONTH,pct_remit_towards_Foodpurchase,pct_remit_towards_Healthexpenses(medicines/medicalconsultation),"pct_remit_towards_ExpensesrelatedtoCOVID-19(protectionsupplies,medicalconsultation,medicines)",pct_remit_towards_Educationexpenses,"pct_remit_towards_Paymentofservices(water,electricity,cable,internet,communication)",pct_remit_towards_Clothesandshoes,pct_remit_towards_Housing(constructionorrepair),pct_remit_towards_Housingrentalfee,pct_remit_towards_Homepurchasefee,pct_remit_towards_Purchaseofagriculturalinputs,pct_remit_towards_Business(trade),pct_remit_towards_Saving,pct_remit_towards_Paymentofcommitmentsofmembersresidingabroad,pct_remit_towards_Paymentofthesender'straveldebt,pct_remit_towards_Paymentofotherdebts,pct_remit_towards_Other
6,240.0,SLV,2,100.0,100.0,,,,,40.0,,60.0,,,,,,,,,
12,600.0,SLV,2,300.0,100.0,50.0,,,,50.0,,,,,,,,,,,
13,550.0,SLV,2,75.0,75.0,,,,100.0,,,,,,,,,,,,
21,500.0,SLV,2,100.0,50.0,20.0,,,80.0,,,,,,,,,,,,
23,180.0,SLV,2,150.0,50.0,,,,,,,,,,,,,,,,
39,180.0,SLV,2,110.0,220.0,60.0,20.0,,,20.0,,,,,,,,,,,
47,280.0,SLV,2,100.0,8.333333333333334,80.0,20.0,,,,,,,,,,,,,,
58,300.0,SLV,2,50.0,25.0,100.0,,,,,,,,,,,,,,,
59,350.0,SLV,2,250.0,41.66666666666666,35.0,35.0,,,30.0,,,,,,,,,,,
73,500.0,SLV,2,120.0,120.0,,,,100.0,,,,,,,,,,,,
82,360.0,SLV,2,100.0,50.0,50.0,,,50.0,,,,,,,,,,,,
84,300.0,SLV,2,25.0,8.333333333333334,60.0,,,,,40.0,,,,,,,,,,
90,1600.0,SLV,2,400.0,400.0,50.0,,,,50.0,,,,,,,,,,,
93,300.0,SLV,2,50.0,50.0,100.0,,,,,,,,,,,,,,,
98,300.0,SLV,2,500.0,166.66666666666666,,100.0,,,,,,,,,,,,,,
104,320.0,SLV,2,150.0,300.0,50.0,25.0,,,25.0,,,,,,,,,,,
117,100.0,SLV,2,300.0,100.0,70.0,,,,30.0,,,,,,,,,,,
119,600.0,SLV,2,200.0,200.0,50.0,25.0,,,25.0,,,,,,,,,,,
121,300.0,SLV,2,200.0,100.0,,,,,,,,,,,,,,,,
122,400.0,SLV,2,350.0,350.0,20.0,10.0,,,70.0,,,,,,,,,,,
145,7.995,GT,1,5.33,10.66,100.0,,,,,,,,,,,,,,,
170,5.33,GT,1,5.33,5.33,50.0,,,,,,,,,,,,,50.0,,
171,4.264,GT,1,1.599,1.599,50.0,50.0,,,,,,,,,,,,,,
177,23.985,GT,1,7.995,7.995,75.0,25.0,,,,,,,,,,,,,,
178,31.98,GT,1,10.66,3.553333333333333,50.0,,,,,,50.0,,,,,,,,,
179,26.65,GT,1,10.66,21.32,50.0,,,,30.0,,20.0,,,,,,,,,
183,53.3,GT,1,13.325,57.2975,,,,,,,100.0,,,,,,,,,
190,400.0,SLV,1,60.0,30.0,100.0,,,,,,,,,,,,,,,
193,150.0,SLV,1,100.0,100.0,80.0,20.0,,,,,,,,,,,,,,
195,100.0,SLV,1,100.0,100.0,50.0,50.0,,,,,,,,,,,,,,
201,300.0,SLV,1,150.0,150.0,60.0,20.0,,,20.0,,,,,,,,,,,
207,400.0,SLV,2,100.0,16.666666666666668,100.0,,,,,,,,,,,,,,,
208,550.0,SLV,2,150.0,150.0,100.0,,,,,,,,,,,,,,,
211,500.0,SLV,2,250.0,250.0,40.0,,,,10.0,,50.0,,,,,,,,,
214,700.0,SLV,2,400.0,400.0,50.0,25.0,,25.0,,,,,,,,,,,,
215,350.0,SLV,2,25.0,8.333333333333334,100.0,,,,,,,,,,,,,,,
216,450.0,SLV,2,100.0,100.0,,,,,,,,,,,,,,,,100.0
219,1300.0,SLV,2,200.0,200.0,,,,,,,,,,,,,,,,
225,700.0,SLV,2,50.0,50.0,,70.0,,,,,,,,,,,,,,
247,200.0,SLV,1,150.0,150.0,70.0,30.0,,,,,,,,,,,,,,
258,200.0,SLV,1,150.0,150.0,100.0,,,,,,,,,,,,,,,
272,13.325,GT,2,13.325,26.65,40.0,35.0,,,,25.0,,,,,,,,,,
273,120.0,SLV,1,100.0,100.0,40.0,50.0,,,10.0,,,,,,,,,,,
275,200.0,SLV,1,100.0,16.666666666666668,80.0,10.0,,,10.0,,,,,,,,,,,
278,150.0,SLV,2,50.0,8.333333333333334,75.0,25.0,,,,,,,,,,,,,,
279,350.0,SLV,2,150.0,150.0,50.0,,,,,50.0,,,,,,,,,,
280,150.0,SLV,2,50.0,25.0,50.0,,,,50.0,,,,,,,,,,,
284,5.33,GT,1,15.99,5.33,75.0,25.0,,,,,,,,,,,,,,
285,13.325,GT,1,26.65,13.325,,,,,,,,,75.0,,,,,,25.0,
299,800.0,SLV,2,600.0,600.0,20.0,70.0,,,10.0,,,,,,,,,,,
300,500.0,SLV,2,150.0,75.0,,,,,100.0,,,,,,,,,,,
302,300.0,SLV,2,100.0,100.0,,,,50.0,50.0,,,,,,,,,,,
304,13.325,GT,2,7.995,7.995,,,,100.0,,,,,,,,,,,,
314,13.325,GT,2,10.66,10.66,75.0,,,25.0,,,,,,,,,,,,
333,31.98,GT,1,21.32,42.64,,,,,,,,,,,,,,100.0,,
344,21.32,GT,1,7.995,3.9975,70.0,20.0,,,,10.0,,,,,,,,,,
353,63.96,GT,1,13.325,57.2975,,,,,,,100.0,,,,,,,,,
373,500.0,SLV,1,500.0,500.0,80.0,,,,20.0,,,,,,,,,,,
392,300.0,SLV,1,300.0,600.0,50.0,20.0,,,30.0,,,,,,,,,,,
394,300.0,SLV,1,75.0,12.5,,,,,,,100.0,,,,,,,,,
417,1500.0,SLV,2,50.0,8.333333333333334,50.0,10.0,,,,,,,,,,,,,,40.0
419,800.0,SLV,2,400.0,400.0,50.0,,,,25.0,,,25.0,,,,,,,,
420,800.0,SLV,2,300.0,100.0,80.0,,,,20.0,,,,,,,,,,,
425,300.0,SLV,1,100.0,33.333333333333336,70.0,,,,30.0,,,,,,,,,,,
433,350.0,SLV,1,170.0,340.0,75.0,,,,25.0,,,,,,,,,,,
436,100.0,SLV,1,50.0,8.333333333333334,100.0,,,,,,,,,,,,,,,
444,70.0,SLV,2,100.0,8.333333333333334,100.0,,,,,,,,,,,,,,,
458,200.0,SLV,1,200.0,200.0,80.0,,,,20.0,,,,,,,,,,,
461,350.0,SLV,1,100.0,100.0,80.0,10.0,,,10.0,,,,,,,,,,,
472,200.0,SLV,2,50.0,8.333333333333334,100.0,,,,,,,,,,,,,,,
475,150.0,SLV,2,150.0,150.0,40.0,30.0,,,30.0,,,,,,,,,,,
477,300.0,SLV,1,200.0,200.0,50.0,25.0,,,25.0,,,,,,,,,,,
481,400.0,SLV,2,100.0,33.333333333333336,50.0,,,,50.0,,,,,,,,,,,
482,200.0,SLV,1,100.0,50.0,50.0,50.0,,,,,,,,,,,,,,
483,500.0,SLV,2,300.0,100.0,75.0,,,,25.0,,,,,,,,,,,
488,100.0,SLV,1,600.0,100.0,,100.0,,,,,,,,,,,,,,
491,300.0,SLV,2,250.0,250.0,100.0,100.0,,,50.0,,,,,,,,,,,
509,300.0,SLV,2,50.0,8.333333333333334,80.0,,,,20.0,,,,,,,,,,,
534,53.3,HND,2,63.96,63.96,50.0,,,40.0,10.0,,,,,,,,,,,
535,101.27,HND,2,31.98,31.98,,,,,,,,,,,,,,,,
536,53.3,HND,1,42.64,42.64,50.0,,,30.0,,20.0,,,,,,,,,,
549,21.32,GT,1,37.31,74.62,25.0,,,,,,,,,,,,,75.0,,
575,31.98,HND,1,12.792000000000002,4.264,60.0,,,,,40.0,,,,,,,,,,
578,12.792000000000002,HND,1,5.33,2.665,,,,,,,,,,,,,,,,
595,6.396,GT,1,3.731,3.731,80.0,,,,,20.0,,,,,,,,,,
630,225.0,SLV,1,100.0,100.0,70.0,,,,30.0,,,,,,,,,,,
634,300.0,SLV,1,60.0,60.0,60.0,,,,30.0,,,,,,,,,,,
647,18.655,HND,1,10.66,10.66,80.0,20.0,,,,,,,,,,,,,,
657,200.0,SLV,1,50.0,8.333333333333334,100.0,,,,,,,,,,,,,,,
659,400.0,SLV,1,200.0,200.0,15.0,75.0,,,10.0,,,,,,,,,,,
660,700.0,SLV,1,1.0659999999999998,1.0659999999999998,,,,,,,,,,,,,,,,
663,300.0,SLV,1,200.0,200.0,70.0,,,,30.0,,,,,,,,,,,
665,100.0,SLV,1,150.0,50.0,20.0,,,,,,,,,,,,,,80.0,
670,250.0,SLV,1,200.0,200.0,,,,,,,,,,,,,,,,
671,100.0,SLV,1,100.0,33.333333333333336,100.0,,,,,,,,,,,,,,,
673,550.0,SLV,1,200.0,200.0,75.0,,,,25.0,,,,,,,,,,,
685,500.0,SLV,1,200.0,100.0,80.0,20.0,,,,,,,,,,,,,,
686,350.0,SLV,1,150.0,150.0,100.0,,,,,,,,,,,,,,,
700,100.0,SLV,1,150.0,75.0,70.0,20.0,,,10.0,,,,,,,,,,,
702,130.0,SLV,1,50.0,50.0,50.0,25.0,,,25.0,,,,,,,,,,,
703,120.0,SLV,1,120.0,120.0,50.0,25.0,,,25.0,,,,,,,,,,,
708,200.0,SLV,1,200.0,200.0,100.0,,,,,,,,,,,,,,,
711,200.0,SLV,1,200.0,200.0,50.0,,,,50.0,,,,,,,,,,,
722,150.0,SLV,1,100.0,100.0,50.0,,,,50.0,,,,,,,,,,,
724,200.0,SLV,1,50.0,4.166666666666667,100.0,,,,,,,,,,,,,,,
725,400.0,SLV,1,400.0,400.0,60.0,20.0,,,20.0,,,,,,,,,,,
739,100.0,SLV,1,100.0,100.0,50.0,,,,50.0,,,,,,,,,,,
742,100.0,SLV,1,150.0,150.0,50.0,,,,50.0,,,,,,,,,,,
743,120.0,SLV,1,100.0,16.666666666666668,80.0,5.0,,,15.0,,,,,,,,,,,
744,200.0,SLV,1,50.0,50.0,50.0,50.0,,,,,,,,,,,,,,
745,400.0,SLV,1,100.0,100.0,70.0,10.0,,,20.0,,,,,,,,,,,
752,150.0,SLV,2,40.0,13.333333333333334,100.0,,,,,,,,,,,,,,,
755,550.0,SLV,1,300.0,300.0,,,,,,,,,,,,,,,,
757,200.0,SLV,1,100.0,100.0,100.0,,,,,,,,,,,,,,,
775,150.0,SLV,1,100.0,50.0,100.0,,,,,,,,,,,,,,,
779,300.0,SLV,2,50.0,4.166666666666667,100.0,,,,,,,,,,,,,,,
780,280.0,SLV,2,100.0,50.0,80.0,10.0,,,10.0,,,,,,,,,,,
783,900.0,SLV,2,500.0,500.0,,,,,,,,,,,,,,,,
785,300.0,SLV,2,50.0,8.333333333333334,,,,,,,,,,,100.0,,,,,
786,300.0,SLV,2,300.0,300.0,25.0,50.0,,,25.0,,,,,,,,,,,
788,300.0,SLV,2,200.0,200.0,60.0,20.0,,,20.0,,,,,,,,,,,
791,1100.0,SLV,2,300.0,300.0,,100.0,,,,,,,,,,,,,,
794,350.0,SLV,2,225.0,225.0,50.0,,,,50.0,,,,,,,,,,,
797,3000.0,SLV,2,300.0,100.0,,75.0,,,10.0,15.0,,,,,,,,,,
803,31.98,HND,1,31.98,31.98,60.0,40.0,,,,,,,,,,,,,,
826,79.95,HND,1,53.3,53.3,60.0,,,30.0,10.0,,,,,,,,,,,
832,26.65,HND,1,5.33,1.7766666666666666,100.0,,,,,,,,,,,,,,,
837,42.64,HND,2,100.0,16.666666666666668,,,,50.0,,50.0,,,,,,,,,,
840,37.31,HND,2,150.0,300.0,,,,,,,,,,,,,,,,
841,106.6,HND,2,42.64,21.32,40.0,10.0,,50.0,,,,,,,,,,,,
844,15.99,GT,2,7.995,7.995,60.0,,,,40.0,,,,,,,,,,,
858,15.99,GT,1,1.8655,8.021650000000001,50.0,25.0,,,25.0,,,,,,,,,,,
871,26.65,GT,1,4.1574,4.1574,100.0,,,,,,,,,,,,,,,
872,35.711,HND,2,26.65,26.65,40.0,30.0,,,30.0,,,,,,,,,,,
874,63.96,HND,2,21.32,7.1066666666666665,70.0,,,,30.0,,,,,,,,,,,
885,58.63,HND,2,21.32,10.66,60.0,,,,40.0,,,,,,,,,,,
893,53.3,GT,1,10.66,45.838,60.0,,,30.0,,10.0,,,,,,,,,,
914,9.061,HND,1,18.655,6.218333333333334,,40.0,,40.0,20.0,,,,,,,,,,,
935,23.985,GT,2,7.995,7.995,,,,,,,,,,,,,,,,
939,20.254,GT,2,15.99,15.99,50.0,,,,,,25.0,,,,,,,25.0,,
947,10.66,GT,2,3.9975,3.9975,50.0,50.0,,,,,,,,,,,,,,
970,240.0,SLV,1,200.0,200.0,50.0,50.0,,,,,,,,,,,,,,
971,100.0,SLV,1,100.0,50.0,60.0,,,,30.0,,,,,,,,,,,
990,500.0,SLV,1,100.0,33.333333333333336,20.0,80.0,,,,,,,,,,,,,,
1017,300.0,SLV,2,150.0,75.0,50.0,30.0,,,20.0,,,,,,,,,,,
1058,13.325,HND,1,13.325,13.325,70.0,30.0,,,,,,,,,,,,,,
1059,100.0,HND,1,100.0,100.0,,,,,,,,,,,,,,,,
1066,220.0,SLV,1,100.0,50.0,,30.0,,,40.0,,,,,,,,,,,20.0
1069,200.0,SLV,1,100.0,100.0,50.0,,,,50.0,,,,,,,,,,,
1070,300.0,SLV,1,300.0,300.0,50.0,,,20.0,30.0,,,,,,,,,,,
1072,150.0,SLV,1,150.0,150.0,50.0,,,,50.0,,,,,,,,,,,
1074,75.0,SLV,1,100.0,100.0,50.0,,,30.0,20.0,,,,,,,,,,,
1075,50.0,SLV,1,50.0,50.0,50.0,,,,50.0,,,,,,,,,,,
1077,300.0,SLV,1,150.0,150.0,60.0,20.0,,,20.0,,,,,,,,,,,
1078,200.0,SLV,1,150.0,150.0,50.0,20.0,,,30.0,,,,,,,,,,,
1081,500.0,SLV,1,400.0,400.0,50.0,10.0,,,40.0,,,,,,,,,,,
1083,400.0,SLV,1,100.0,33.333333333333336,50.0,,,,50.0,,,,,,,,,,,
1084,200.0,SLV,1,200.0,200.0,50.0,25.0,,,25.0,,,,,,,,,,,
1085,100.0,SLV,1,100.0,100.0,100.0,,,,,,,,,,,,,,,
1090,21.32,HND,2,60.0,60.0,80.0,20.0,,,,,,,,,,,,,,
1091,150.0,SLV,1,75.0,12.5,100.0,,,,,,,,,,,,,,,
1092,300.0,SLV,1,100.0,16.666666666666668,100.0,,,,,,,,,,,,,,,
1102,100.0,SLV,1,100.0,100.0,70.0,10.0,,,20.0,,,,,,,,,,,
1132,300.0,SLV,1,100.0,50.0,75.0,,,,25.0,,,,,,,,,,,
1135,150.0,SLV,1,150.0,150.0,80.0,,10.0,,10.0,,,,,,,,,,,
1136,300.0,SLV,1,150.0,150.0,10.0,75.0,,,15.0,,,,,,,,,,,
1137,50.0,SLV,1,30.0,15.0,100.0,,,,,,,,,,,,,,,
1138,30.0,SLV,1,100.0,100.0,,100.0,,,,,,,,,,,,,,
1142,80.0,SLV,1,50.0,25.0,100.0,,,,,,,,,,,,,,,
1151,1000.0,SLV,1,500.0,500.0,,,,,,,,,,,,,,,,
1153,200.0,SLV,1,200.0,200.0,55.0,25.0,,,20.0,,,,,,,,,,,
1162,100.0,SLV,1,100.0,16.666666666666668,80.0,,,,10.0,10.0,,,,,,,,,,
1164,300.0,SLV,1,300.0,300.0,70.0,10.0,,,20.0,,,,,,,,,,,
1200,200.0,SLV,1,200.0,100.0,100.0,,,,,,,,,,,,,,,
1202,180.0,SLV,1,150.0,50.0,50.0,20.0,,30.0,,,,,,,,,,,,
1204,350.0,SLV,2,350.0,350.0,,,,,,,,,,,,,,,,
1219,34.645,HND,1,200.0,200.0,60.0,,,10.0,30.0,,,,,,,,,,,
1220,373.1,HND,1,1000.0,2000.0,,,,,,,,,,,,,,,,
1231,26.65,HND,1,50.0,100.0,70.0,20.0,,10.0,,,,,,,,,,,,
1235,63.96,HND,2,26.65,26.65,50.0,30.0,,,20.0,,,,,,,,,,,
1256,4.264,GT,2,1.599,0.2665,100.0,,,,,,,,,,,,,,,
1264,53.3,HND,1,300.0,300.0,80.0,10.0,,,10.0,,,,,,,,,,,
1267,18.655,HND,1,15.99,15.99,80.0,10.0,,,10.0,,,,,,,,,,,
1269,42.64,HND,1,300.0,600.0,,,,,,,,,,,,,,,,
1287,319.8,HND,2,600.0,2580.0,,,,,,,,,,,,,,,,
1303,53.3,HND,2,100.0,100.0,,,,,,,,,,,,,,,,
1313,4.797000000000001,GT,2,5.33,2.665,50.0,,,,,30.0,,,,,,20.0,,,,
1328,15.99,GT,1,7.995,7.995,50.0,,,,30.0,20.0,,,,,,,,,,
1335,26.65,GT,1,300.0,300.0,75.0,,,,25.0,,,,,,,,,,,
1361,200.0,SLV,1,200.0,100.0,50.0,40.0,,,10.0,,,,,,,,,,,
1388,15.99,HND,2,10.66,5.33,,,,,,,,,,,,,,,,
1446,340.0,SLV,1,300.0,300.0,60.0,20.0,,,20.0,,,,,,,,,,,
1449,200.0,SLV,2,100.0,200.0,60.0,10.0,,,30.0,,,,,,,,,,,
1450,300.0,SLV,2,300.0,300.0,50.0,,30.0,,20.0,,,,,,,,,,,
1453,200.0,SLV,1,200.0,100.0,80.0,10.0,,,10.0,,,,,,,,,,,
1501,42.64,HND,1,10.66,10.66,60.0,,,40.0,,,,,,,,,,,,
1533,250.0,SLV,1,100.0,50.0,70.0,5.0,,,25.0,,,,,,,,,,,
1534,300.0,SLV,1,500.0,166.66666666666666,,100.0,,,,,,,,,,,,,,
1535,360.0,SLV,1,50.0,4.166666666666667,,100.0,,,,,,,,,,,,,,
1536,350.0,SLV,1,100.0,100.0,100.0,,,,,,,,,,,,,,,
1537,280.0,SLV,1,50.0,16.666666666666668,100.0,,,,,,,,,,,,,,,
1538,400.0,SLV,1,50.0,4.166666666666667,100.0,,,,,,,,,,,,,,,
1553,600.0,SLV,2,100.0,430.0,60.0,,,,40.0,,,,,,,,,,,
1559,200.0,SLV,1,150.0,150.0,80.0,20.0,,,,,,,,,,,,,,
1566,150.0,SLV,1,75.0,75.0,50.0,50.0,,,,,,,,,,,,,,
1577,300.0,SLV,1,60.0,60.0,45.0,15.0,,,40.0,,,,,,,,,,,
1588,570.0,SLV,1,300.0,100.0,,,,75.0,25.0,,,,,,,,,,,
1590,300.0,SLV,2,300.0,300.0,70.0,,,,30.0,,,,,,,,,,,
1591,200.0,SLV,1,50.0,25.0,50.0,,,,50.0,,,,,,,,,,,
1598,5.33,GT,1,3.9975,3.9975,60.0,,,,,40.0,,,,,,,,,,
1612,300.0,SLV,1,30.0,10.0,80.0,20.0,,,,,,,,,,,,,,
1616,100.0,SLV,1,70.0,5.833333333333333,100.0,,,,,,,,,,,,,,,
1619,250.0,SLV,1,50.0,25.0,100.0,,,,,,,,,,,,,,,
1623,250.0,SLV,1,50.0,25.0,,100.0,,,,,,,,,,,,,,
1629,180.0,SLV,1,50.0,50.0,100.0,,,,,,,,,,,,,,,
1630,500.0,SLV,1,100.0,100.0,,100.0,,,,,,,,,,,,,,
1636,500.0,SLV,1,200.0,66.66666666666667,60.0,20.0,,,20.0,,,,,,,,,,,
1638,300.0,SLV,1,100.0,100.0,50.0,50.0,,,,,,,,,,,,,,
1646,250.0,SLV,1,0.2664999999999999,0.2664999999999999,20.0,80.0,,,,,,,,,,,,,,
1679,18.655,GT,1,0.7995,0.7995,80.0,10.0,,,,10.0,,,,,,,,,,
1681,10.66,GT,1,28.782,28.782,50.0,,,,50.0,,,,,,,,,,,
1682,3.731,GT,1,1.599,0.2665,75.0,,,,25.0,,,,,,,,,,,
1684,15.99,GT,1,7.995,2.665,15.0,75.0,,,10.0,,,,,,,,,,,
1686,15.99,GT,1,11.193,3.731,80.0,10.0,,,10.0,,,,,,,,,,,
1700,53.3,HND,1,53.3,53.3,50.0,20.0,,,,,,30.0,,,,,,,,
1706,27.716,GT,1,100.0,100.0,60.0,,,,40.0,,,,,,,,,,,
1711,42.64,GT,1,1000.0,2000.0,50.0,,,,25.0,25.0,,,,,,,,,,
1720,7.995,HND,1,13.325,13.325,60.0,10.0,,,,,,,,,30.0,,,,,
1724,5.33,HND,1,10.66,10.66,50.0,25.0,25.0,,,,,,,,,,,,,
1726,15.457,GT,1,5.33,2.665,100.0,,,,,,,,,,,,,,,
1753,34.645,GT,1,37.31,74.62,40.0,,,,,,,,,,,20.0,,40.0,,
1754,26.65,GT,1,26.65,26.65,25.0,,,,,,50.0,,,,,,,25.0,,
1786,69.29,HND,1,230.0,230.0,70.0,,,,25.0,,,,,,,,,,,5.0
1792,85.28,HND,1,120.0,20.0,60.0,,,20.0,20.0,,,,,,,,,,,
1794,58.63,HND,1,100.0,200.0,80.0,10.0,,,10.0,,,,,,,,,,,
1797,85.28,HND,2,300.0,150.0,,,,,,,,,,,,,,,,
1808,106.6,HND,2,79.95,159.9,70.0,15.0,,,15.0,,,,,,,,,,,
1811,1000.0,HND,1,1000.0,4300.0,60.0,10.0,,,30.0,,,,,,,,,,,
1827,31.98,HND,1,10.66,1.7766666666666666,50.0,25.0,,,,,,,,,,,,,,
1851,10.66,GT,1,3.9975,3.9975,70.0,30.0,,,,,,,,,,,,,,
1873,10.66,GT,1,19.721,19.721,25.0,50.0,,,25.0,,,,,,,,,,,
1877,5.33,GT,1,3.9975,3.9975,50.0,,,,50.0,,,,,,,,,,,
1889,53.3,GT,1,600.0,1200.0,50.0,,,,20.0,,,,,,,30.0,,,,
1898,15.99,GT,1,10.66,10.66,50.0,,,,30.0,20.0,,,,,,,,,,
1900,15.99,GT,1,10.66,10.66,60.0,,,,30.0,10.0,,,,,,,,,,
1906,21.32,GT,2,42.64,183.352,50.0,,,,,,50.0,,,,,,,,,
1912,15.99,GT,2,5.33,5.33,50.0,,,,,,,,,,,,,50.0,,
1925,15.99,HND,1,15.99,7.995,80.0,20.0,,,,,,,,,,,,,,
1927,26.65,HND,1,200.0,200.0,50.0,50.0,,,,,,,,,,,,,,
1933,23.985,GT,2,5.33,2.665,100.0,,,,,,,,,,,,,,,
1951,31.98,HND,1,10.66,3.553333333333333,70.0,,,,,,,,,,,,,,30.0,
1986,53.3,GT,2,1000.0,2000.0,,15.0,,,,,,,,,,35.0,,50.0,,
1988,47.97,GT,2,400.0,800.0,70.0,10.0,,,20.0,,,,,,,,,,,
1996,13.325,GT,2,1.99875,1.99875,50.0,,,,30.0,20.0,,,,,,,,,,
2029,47.97,HND,1,150.0,150.0,,,,,,,,,,,,,,,,
2031,350.0,HND,1,350.0,350.0,,,,,,,,,,,,,,,,
2044,200.0,HND,1,800.0,800.0,,,,,,,,,,,,,,,,
2052,14.924,GT,1,149.24,149.24,80.0,,,,,20.0,,,,,,,,,,
2053,53.3,GT,1,53.3,53.3,40.0,25.0,,,,,35.0,,,,,,,,,
2063,15.99,GT,2,3.731,0.6218333333333333,50.0,,,,50.0,,,,,,,,,,,
2065,37.31,GT,2,15.99,15.99,75.0,,25.0,,,,,,,,,,,,,
2106,346.45,GT,2,319.8,319.8,30.0,70.0,,,,,,,,,,,,,,
2120,53.3,GT,2,31.98,31.98,,,,,,,75.0,,,25.0,,,,,,
2135,15.99,GT,1,300.0,600.0,70.0,,,15.0,15.0,,,,,,,,,,,
2136,17.589000000000002,GT,1,600.0,200.0,,,,,,,,,,,,,,,,
2137,47.97,GT,1,350.0,350.0,75.0,,,,25.0,,,,,,,,,,,
2138,11.726,GT,1,150.0,300.0,50.0,25.0,,,25.0,,,,,,,,,,,
2142,18.655,GT,1,18.655,18.655,60.0,,,,20.0,20.0,,,,,,,,,,
2144,15.99,GT,1,7.995,7.995,60.0,,,,20.0,20.0,,,,,,,,,,
2155,7.7285,GT,2,3.9975,0.333125,75.0,,,,25.0,,,,,,,,,,,
2171,42.64,GT,1,7.995,1.3325,50.0,25.0,,,25.0,,,,,,,,,,,
2178,200.0,HND,1,0.5329999999999999,1.0659999999999998,80.0,,,10.0,10.0,,,,,,,,,,,
2186,15.99,HND,2,10.66,10.66,50.0,50.0,,,,,,,,,,,,,,
2187,10.66,HND,2,7.462,0.6218333333333333,50.0,50.0,,,,,,,,,,,,,,
2188,10.66,HND,2,7.462,7.462,50.0,,,,,,30.0,,,,,,,,,20.0
2189,10.66,HND,2,6.396000000000001,1.066,50.0,,,,,,,,,,,,,,,50.0
2193,31.98,HND,1,31.98,31.98,50.0,,,,50.0,,,,,,,,,,,
2205,200.0,SLV,1,50.0,50.0,80.0,,,10.0,10.0,,,,,,,,,,,
2211,100.0,SLV,1,100.0,100.0,100.0,,,,,,,,,,,,,,,
2217,35.0,SLV,1,25.0,8.333333333333334,90.0,,,,10.0,,,,,,,,,,,
2219,300.0,SLV,1,25.0,12.5,75.0,,,,25.0,,,,,,,,,,,
2222,53.3,HND,1,100.0,16.666666666666668,100.0,,,,,,,,,,,,,,,
2224,26.65,HND,1,30.0,60.0,,,,,100.0,,,,,,,,,,,
2246,42.64,HND,1,31.98,31.98,50.0,40.0,,,10.0,,,,,,,,,,,
2302,150.0,SLV,1,150.0,150.0,60.0,,,,40.0,,,,,,,,,,,
2332,90.0,SLV,1,60.0,60.0,80.0,,,,20.0,,,,,,,,,,,
2333,150.0,SLV,1,100.0,100.0,50.0,,,,50.0,,,,,,,,,,,
2334,300.0,SLV,1,200.0,400.0,50.0,50.0,,,,,,,,,,,,,,
2357,300.0,SLV,1,150.0,150.0,,,,33.0,33.0,34.0,,,,,,,,,,
2363,500.0,SLV,1,100.0,16.666666666666668,50.0,50.0,,,,,,,,,,,,,,
2364,500.0,SLV,1,150.0,50.0,100.0,,,,,,,,,,,,,,,
2369,200.0,SLV,1,150.0,25.0,50.0,,,,50.0,,,,,,,,,,,
2379,200.0,SLV,1,50.0,50.0,50.0,25.0,,,25.0,,,,,,,,,,,
2390,500.0,SLV,2,200.0,100.0,75.0,,,,,,,,,,,,,,25.0,
2391,100.0,SLV,2,300.0,300.0,,,,,,,100.0,,,,,,,,,
2392,100.0,SLV,2,125.0,10.416666666666666,80.0,,,,20.0,,,,,,,,,,,
2396,700.0,SLV,2,300.0,150.0,40.0,60.0,,,,,,,,,,,,,,
2399,400.0,SLV,2,300.0,300.0,40.0,30.0,,,30.0,,,,,,,,,,,
2429,200.0,SLV,1,150.0,75.0,50.0,25.0,,,25.0,,,,,,,,,,,
2432,200.0,SLV,1,150.0,150.0,100.0,,,,,,,,,,,,,,,
2438,18.655,HND,1,12.792000000000002,25.584000000000003,100.0,,,,,,,,,,,,,,,
2439,7.995,HND,1,12.792000000000002,12.792000000000002,100.0,,,,,,,,,,,,,,,
2444,42.64,HND,1,10.66,1.7766666666666666,100.0,,,,,,,,,,,,,,,
2445,31.98,HND,1,37.31,74.62,100.0,,,,,,,,,,,,,,,
2446,53.3,HND,1,26.65,53.3,100.0,,,,,,,,,,,,0.0,,,0.0
2448,7.995,HND,1,10.66,0.8883333333333333,100.0,,,,,,,,,,,,,,,
2451,4.264,GT,2,12.259,12.259,25.0,,,75.0,,,,,,,,,,,,
2472,200.0,SLV,1,100.0,100.0,70.0,,,,30.0,,,,,,,,,,,
2477,106.6,HND,2,400.0,400.0,30.0,20.0,,,50.0,,,,,,,,,,,
2490,85.28,HND,2,42.64,85.28,50.0,,,,50.0,,,,,,,,,,,
2496,42.64,HND,2,15.99,5.33,,,,,,,100.0,,,,,,,,,
2513,5.33,GT,2,1.599,1.599,,,,100.0,,,,,,,,,,,,
2514,10.66,GT,2,127.92,127.92,50.0,,,30.0,20.0,,,,,,,,,,,
2519,37.31,GT,2,26.65,26.65,30.0,,,,20.0,,,,,,,,,50.0,,
2520,13.325,GT,2,150.0,50.0,100.0,,,,,,,,,,,,,,,
2523,8.528,GT,2,63.96,63.96,75.0,,,,25.0,,,,,,,,,,,
2524,26.65,GT,2,3.9975,0.66625,75.0,,,,25.0,,,,,,,,,,,
2525,2.132,GT,2,5.33,0.4441666666666666,,75.0,,,25.0,,,,,,,,,,,
2526,15.99,GT,2,5.33,5.33,50.0,25.0,25.0,,,,,,,,,,,,,
2529,26.65,GT,2,10.66,21.32,50.0,25.0,,,25.0,,,,,,,,,,,
2567,15.99,GT,2,3.9975,3.9975,60.0,,,,30.0,10.0,,,,,,,,,,
2568,18.655,GT,2,7.995,7.995,50.0,,,,35.0,15.0,,,,,,,,,,
2577,21.32,HND,1,200.0,400.0,100.0,,,,,,,,,,,,,,,
2598,13.325,GT,2,4.264,2.132,100.0,,,,,,,,,,,,,,,
2599,77.285,HND,2,500.0,1000.0,,,,,,,,,,,,,,,,
2603,10.66,GT,2,3.731,3.731,,,,,,,100.0,,,,,,,,,
2607,10.66,GT,2,7.462000000000001,7.462000000000001,80.0,,,,5.0,,,,,,,,,15.0,,
2611,85.28,HND,2,300.0,300.0,40.0,,,,10.0,,,,,,50.0,,,,,
2625,63.96,HND,2,100.0,200.0,,,,,,,,,,,,,,,,
2639,79.95,HND,2,500.0,500.0,,,,,,,,,,,,,,,,
2674,10.66,HND,1,6.396000000000001,1.066,50.0,,,,25.0,25.0,,,,,,,,,,
2676,10.66,HND,1,10.66,10.66,50.0,,,,,,50.0,,,,,,,,,
2685,15.99,GT,2,7.995,7.995,50.0,25.0,,25.0,,,,,,,,,,,,
2689,47.97,GT,2,5.33,5.33,50.0,50.0,,,,,,,,,,,,,,
2690,47.97,HND,2,6.396000000000001,6.396000000000001,,,,,,,,,,,,,,,,
2696,600.0,HND,2,100.0,430.0,50.0,25.0,,,25.0,,,,,,,,,,,
2734,15.99,HND,1,10.66,10.66,50.0,25.0,,25.0,,,,,,,,,,,,
2737,800.0,HND,2,400.0,800.0,50.0,25.0,,,,,,,,,,25.0,,,,
2738,10.66,HND,2,12.792000000000002,12.792000000000002,50.0,30.0,,,20.0,,,,,,,,,,,
2740,7.995,HND,2,7.462,7.462,100.0,,,,,,,,,,,,,,,
2743,10.66,HND,2,6.929,3.4645,100.0,,,,,,,,,,,,,,,
2744,5.33,HND,2,5.33,0.8883333333333333,50.0,,,,50.0,,,,,,,,,,,
2745,10.66,HND,1,10.66,10.66,100.0,,,,,,,,,,,,,,,
2748,10.66,HND,1,10.66,10.66,30.0,,,,,,,,,,,,,,,70.0
2752,10.66,HND,1,7.995,2.665,50.0,30.0,,,20.0,,,,,,,,,,,
2753,10.66,HND,1,10.66,3.553333333333333,,100.0,,,,,,,,,,,,,,
2755,10.66,HND,2,10.66,10.66,50.0,30.0,,,20.0,,,,,,,,,,,
2763,79.95,HND,2,74.62,74.62,,,,,,,,,,,,,,,,
2768,31.98,HND,2,31.98,31.98,50.0,20.0,,30.0,,,,,,,,,,,,
2832,800.0,SLV,1,100.0,50.0,50.0,,,,40.0,10.0,,,,,,,,,,
2839,600.0,SLV,1,200.0,66.66666666666667,100.0,,,,,,,,,,,,,,,
2851,100.0,SLV,1,50.0,8.333333333333334,,100.0,,,,,,,,,,,,,,
2893,26.65,HND,1,4.797,2.3985,50.0,,50.0,,,,,,,,,,,,,
2899,29.315,HND,2,15.99,31.98,,,,,,,,,,,,,,,,
2914,300.0,SLV,1,75.0,75.0,,,,,,,,,,,,,,,,
2932,250.0,SLV,2,70.0,70.0,100.0,,,,,,,,,,,,,,,
2938,200.0,SLV,1,100.0,100.0,100.0,,,,,,,,,,,,,,,
2942,150.0,SLV,1,100.0,100.0,100.0,,,,,,,,,,,,,,,
2945,150.0,SLV,1,100.0,33.333333333333336,50.0,,,,50.0,,,,,,,,,,,
2949,700.0,SLV,1,200.0,200.0,50.0,30.0,,,,20.0,,,,,,,,,,
2950,400.0,SLV,1,250.0,250.0,60.0,,,20.0,20.0,,,,,,,,,,,
2956,200.0,SLV,1,200.0,400.0,60.0,,,,40.0,,,,,,,,,,,
2965,200.0,SLV,1,200.0,200.0,100.0,,,,,,,,,,,,,,,
2969,350.0,SLV,1,200.0,66.66666666666667,,,,,,,,,,,,,,,,
2984,10.66,HND,1,7.995,0.66625,,,,,,,,,,,,,,,,
2989,39.975,HND,2,75.0,150.0,100.0,,,,,,,,,,,,,,,
2993,53.3,HND,1,250.0,83.33333333333333,70.0,30.0,,,,,,,,,,,,,,
2998,115.0,SLV,2,50.0,215.0,70.0,,,20.0,10.0,,,,,,,,,,,
3001,50.0,SLV,1,200.0,33.333333333333336,20.0,60.0,,,20.0,,,,,,,,,,,
3004,63.0,SLV,1,50.0,25.0,30.0,,,,70.0,,,,,,,,,,,
3007,15.99,HND,1,3.731,0.6218333333333333,100.0,,,,,,,,,,,,,,,
3020,15.99,HND,1,10.66,0.8883333333333333,,,,,,,,,,,,,,,,
3021,31.98,HND,1,15.99,7.995,50.0,25.0,,25.0,,,,,,,,,,,,
3046,15.99,GT,2,50.0,25.0,50.0,,,,,,,,,,,,,,,50.0
3055,7.462000000000001,GT,1,3.9975,1.99875,50.0,50.0,,,,,,,,,,,,,,
3073,53.3,GT,2,3.98151,1.32717,50.0,,,,,50.0,,,,,,,,,,
3075,1000.0,GT,1,500.0,250.0,25.0,,,,25.0,,50.0,,,,,,,,,
3076,10.66,GT,1,7.462000000000001,7.462000000000001,50.0,,,,25.0,,25.0,,,,,,,,,
3077,1.99875,GT,1,1.98809,1.98809,100.0,,,,,,,,,,,,,,,
3080,21.32,GT,2,10.66,21.32,50.0,,,25.0,25.0,,,,,,,,,,,
3109,8.528,GT,2,7.995,3.9975,30.0,70.0,,,,,,,,,,,,,,
3110,15.99,GT,2,10.66,3.553333333333333,50.0,30.0,,,20.0,,,,,,,,,,,
3113,15.99,GT,2,18.655,18.655,50.0,,,,30.0,20.0,,,,,,,,,,
3115,26.65,GT,2,200.0,200.0,50.0,,,,25.0,25.0,,,,,,,,,,
3118,31.98,GT,2,200.0,100.0,,,,,,,,,,,,,,,,
3131,10.66,HND,1,6.396000000000001,6.396000000000001,100.0,,,,,,,,,,,,,,,
3135,10.66,GT,1,7.995,2.665,80.0,,,,20.0,,,,,,,,,,,
3137,10.66,GT,1,7.462000000000001,2.4873333333333334,,100.0,,,,,,,,,,,,,,
3138,7.462000000000001,GT,1,7.462000000000001,3.731,50.0,50.0,,,,,,,,,,,,,,
3139,10.66,GT,1,7.995,7.995,25.0,,,,75.0,,,,,,,,,,,
3141,4.264,GT,1,4.1041,2.05205,10.0,70.0,,,20.0,,,,,,,,,,,
3143,74.62,GT,1,7.995,3.9975,50.0,,,,30.0,,,,,,,,,,,20.0
3145,7.995,GT,1,15.99,7.995,50.0,30.0,,,20.0,,,,,,,,,,,
3152,1000.0,SLV,1,1000.0,1000.0,25.0,65.0,,,10.0,,,,,,,,,,,
3160,200.0,SLV,1,100.0,50.0,,,,,,,,,,,,,,,,100.0
3161,50.0,SLV,1,50.0,25.0,50.0,,,,50.0,,,,,,,,,,,
3166,240.0,SLV,1,30.0,30.0,80.0,20.0,,,,,,,,,,,,,,
3168,800.0,SLV,1,200.0,400.0,50.0,,,,20.0,,30.0,,,,,,,,,
3169,26.65,HND,1,26.65,53.3,30.0,20.0,,,50.0,,,,,,,,,,,
3173,39.975,HND,1,18.655,3.109166666666667,25.0,,75.0,,,,,,,,,,,,,
3174,14.924,HND,1,11.726,11.726,30.0,50.0,,,,,,,,,,20.0,,,,
3179,23.985,HND,2,6.396000000000001,1.066,75.0,,,25.0,,,,,,,,,,,,
3180,42.64,HND,2,25.584000000000003,4.264,,,,,,,,,,,,,,,,100.0
3184,100.0,SLV,1,50.0,8.333333333333334,60.0,,,,,40.0,,,,,,,,,,
3185,350.0,SLV,1,100.0,33.333333333333336,100.0,,,,,,,,,,,,,,,
3187,500.0,SLV,1,280.0,280.0,80.0,20.0,,,,,,,,,,,,,,
3189,600.0,SLV,1,40.0,20.0,100.0,,,,,,,,,,,,,,,
3192,200.0,SLV,1,100.0,100.0,10.0,80.0,,,,10.0,,,,,,,,,,
3199,600.0,SLV,2,500.0,1000.0,50.0,25.0,,,25.0,,,,,,,,,,,
3202,1000.0,SLV,2,800.0,800.0,,70.0,,,,,,30.0,,,,,,,,
3214,200.0,SLV,2,100.0,100.0,70.0,,,,30.0,,,,,,,,,,,
3215,100.0,SLV,2,100.0,100.0,80.0,,,,20.0,,,,,,,,,,,
3216,300.0,SLV,2,225.0,75.0,,,,100.0,,,,,,,,,,,,
3217,200.0,SLV,2,200.0,33.333333333333336,60.0,,,,40.0,,,,,,,,,,,
3220,100.0,SLV,2,100.0,100.0,40.0,20.0,,,30.0,,,,,,,,,,,
3222,20.0,SLV,2,50.0,8.333333333333334,60.0,40.0,,,,,,,,,,,,,,
3223,475.0,SLV,2,300.0,100.0,,100.0,,,,,,,,,,,,,,
3226,150.0,SLV,1,90.0,15.0,100.0,,,,,,,,,,,,,,,
3231,800.0,SLV,1,100.0,100.0,,,,,100.0,,,,,,,,,,,
3232,250.0,SLV,1,100.0,100.0,80.0,,,,20.0,,,,,,,,,,,
3235,275.0,SLV,1,200.0,200.0,,100.0,,,,,,,,,,,,,,
3236,210.0,SLV,1,150.0,150.0,60.0,,,40.0,,,,,,,,,,,,
3249,250.0,SLV,1,200.0,860.0,50.0,,,,50.0,,,,,,,,,,,
3254,1.5990000000000002,HND,2,15.99,15.99,70.0,15.0,,,,15.0,,,,,,,,,,
3255,53.3,HND,2,53.3,53.3,70.0,20.0,,10.0,,,,,,,,,,,,
3256,15.99,HND,2,5.33,1.7766666666666666,70.0,10.0,,20.0,,,,,,,,,,,,
3262,80.0,SLV,1,100.0,100.0,90.0,,,,10.0,,,,,,,,,,,
3263,90.0,SLV,1,150.0,75.0,80.0,20.0,,,,,,,,,,,,,,
3279,100.0,SLV,1,50.0,4.166666666666667,100.0,,,,,0.0,,,,,,,,,,
3289,150.0,SLV,1,100.0,100.0,100.0,,,,,,,,,,,,,,,
3291,35.0,SLV,1,50.0,16.666666666666668,10.0,20.0,,,,20.0,,,,,,,,,,
3292,350.0,SLV,1,100.0,50.0,100.0,,,,,,,,,,,,,,,
3302,21.32,HND,1,50.0,8.333333333333334,100.0,,,,,,,,,,,,,,,
3304,26.65,HND,1,50.0,8.333333333333334,100.0,,,,,,,,,,,,,,,
3308,21.32,HND,1,10.66,45.838,80.0,,,,,,,,,,,,,,,
3320,14.924,GT,1,3.731,7.462000000000001,50.0,,,,50.0,,,,,,,,,,,
3342,7.995,GT,2,10.66,3.553333333333333,50.0,,,,50.0,,,,,,,,,,,
3347,13.325,GT,1,13.325,13.325,30.0,70.0,,,,,,,,,,,,,,
3358,13.325,GT,1,3.731,1.2436666666666667,100.0,,,,,,,,,,,,,,,
3366,7.462000000000001,GT,1,6.396,2.132,,,,,,,,,,,,,,,,
3371,10.66,GT,2,10.66,10.66,70.0,,,,30.0,,,,,,,,,,,
3378,45.305,GT,2,200.0,200.0,,,,,,,,,,,,,,,,
3380,45.305,GT,2,1000.0,1000.0,60.0,20.0,,,20.0,,,,,,,,,,,
3387,4.264,GT,1,300.0,25.0,50.0,,,,,50.0,,,,,,,,,,
3388,1200.0,GT,1,300.0,1290.0,50.0,25.0,25.0,,,,,,,,,,,,,
3393,9.594,GT,1,3.9975,3.9975,50.0,,,,50.0,,,,,,,,,,,
3394,9.061,GT,1,3.731,1.8655,100.0,,,,,,,,,,,,,,,
3414,10.66,GT,2,2.665,0.8883333333333333,75.0,,,,25.0,,,,,,,,,,,
3415,7.995,GT,2,15.99,7.995,,,,,,,,,100.0,,,,,,,
3423,10.66,GT,1,7.995,7.995,50.0,,,,30.0,20.0,,,,,,,,,,
3427,26.65,GT,1,7.995,7.995,70.0,,,,30.0,,,,,,,,,,,
3429,1.8655,GT,1,2.9315,0.9771666666666668,50.0,25.0,,,25.0,,,,,,,,,,,
3432,7.995,GT,1,15.99,5.33,,100.0,,,,,,,,,,,,,,
3436,5.33,GT,1,7.995,7.995,20.0,80.0,,,,,,,,,,,,,,
3439,5.33,GT,1,3.9975,0.66625,,100.0,,,,,,,,,,,,,,
3443,21.32,GT,1,10.66,10.66,80.0,,,,20.0,,,,,,,,,,,
3446,15.99,GT,1,7.995,3.9975,50.0,,,,50.0,,,,,,,,,,,
3447,7.995,GT,1,1.599,0.7995,,,,,,,,,,,,,,,,
3453,7.995,GT,1,4.264,4.264,100.0,,,,,,,,,,,,,,,
3459,63.96,HND,1,15.99,15.99,50.0,50.0,,,,,,,,,,,,,,
3460,31.98,HND,1,15.99,31.98,50.0,50.0,,,,,,,,,,,,,,
3462,37.31,HND,1,11.726,11.726,100.0,,,,,,,,,,,,,,,
3463,36.244,HND,2,25.584000000000003,8.528,100.0,,,,,,,,,,,,,,,
3466,42.64,HND,2,53.3,106.6,,,,,,,,,,,,100.0,,,,
3471,57.564,HND,1,100.0,16.666666666666668,50.0,50.0,,,,,,,,,,,,,,
3494,425.0,SLV,1,150.0,300.0,75.0,25.0,,,,,,,,,,,,,,
3499,150.0,SLV,1,150.0,50.0,,,,,,,,,,,,,,,,
3500,250.0,SLV,1,150.0,150.0,75.0,,,,25.0,,,,,,,,,,,
3501,150.0,SLV,1,100.0,100.0,50.0,,,,50.0,,,,,,,,,,,
3503,80.0,SLV,1,100.0,100.0,100.0,,,,,,,,,,,,,,,
3507,180.0,SLV,1,100.0,33.333333333333336,100.0,,,,,,,,,,,,,,,
3509,50.0,SLV,1,50.0,16.666666666666668,100.0,,,,,,,,,,,,,,,
3517,800.0,SLV,2,150.0,645.0,,,,,,,,,,,,,,,,
3531,200.0,SLV,1,200.0,16.666666666666668,70.0,,,,30.0,,,,,,,,,,,
3534,47.437,HND,1,120.0,60.0,50.0,50.0,,,,,,,,,,,,,,
3537,26.65,HND,1,26.65,26.65,,,,,,,,,,,,,,,,
3539,70.0,SLV,1,100.0,16.666666666666668,100.0,,,,,,,,,,,,,,,
3540,360.0,SLV,1,50.0,16.666666666666668,50.0,,,,,,,,,25.0,,,,,,25.0
3544,80.0,SLV,2,50.0,50.0,50.0,25.0,,,25.0,,,,,,,,,,,
3547,1000.0,SLV,2,250.0,41.66666666666666,50.0,50.0,,,,,,,,,,,,,,
3550,500.0,SLV,2,60.0,10.0,100.0,,,,,,,,,,,,,,,
3551,600.0,SLV,2,200.0,200.0,50.0,,,,50.0,,,,,,,,,,,
3555,275.0,SLV,2,200.0,400.0,,100.0,,,,,,,,,,,,,,
3567,500.0,SLV,2,200.0,400.0,80.0,,,,20.0,,,,,,,,,,,
3568,100.0,SLV,2,50.0,4.166666666666667,100.0,,,,,,,,,,,,,,,
3570,150.0,SLV,1,60.0,30.0,100.0,,,,,,,,,,,,,,,
3574,120.0,SLV,1,100.0,50.0,75.0,,,,25.0,,,,,,,,,,,
3577,100.0,SLV,2,100.0,33.333333333333336,50.0,,,,50.0,,,,,,,,,,,
3578,80.0,SLV,2,50.0,8.333333333333334,30.0,,,,70.0,,,,,,,,,,,
3580,150.0,SLV,2,100.0,100.0,60.0,20.0,,,20.0,,,,,,,,,,,
3581,50.0,SLV,2,50.0,100.0,100.0,,,,,,,,,,,,,,,
3586,150.0,SLV,1,200.0,200.0,50.0,,,,10.0,,,,,,,,,40.0,,
3587,100.0,SLV,1,100.0,50.0,50.0,50.0,,,,,,,,,,,,,,
3589,150.0,SLV,1,100.0,16.666666666666668,,,,,,,,,,,,,,,,
3590,250.0,SLV,1,100.0,100.0,20.0,80.0,,,,,,,,,,,,,,
3598,300.0,SLV,1,300.0,300.0,,,,,,50.0,,,,,,,,,,50.0
3604,160.0,SLV,2,100.0,33.333333333333336,50.0,50.0,,,,,,,,,,,,,,
3606,120.0,SLV,2,60.0,30.0,,,,,,,,,,,,,,,,
3607,150.0,SLV,2,150.0,150.0,60.0,40.0,,,,,,,,,,,,,,
3610,150.0,SLV,2,200.0,100.0,20.0,80.0,,,,,,,,,,,,,,
3613,250.0,SLV,2,100.0,50.0,20.0,50.0,,,30.0,,,,,,,,,,,
3617,250.0,SLV,1,75.0,25.0,50.0,50.0,,,,,,,,,,,,,,
3618,250.0,SLV,2,350.0,350.0,100.0,,,,,,,,,,,,,,,
3621,400.0,SLV,2,200.0,200.0,,,,,75.0,,,,,,25.0,,,,,
3627,300.0,SLV,2,300.0,600.0,50.0,,,,20.0,,30.0,,,,,,,,,
3631,200.0,SLV,2,160.0,160.0,,100.0,,,,,,,,,,,,,,
3635,30.0,SLV,2,150.0,150.0,,75.0,,,25.0,,,,,,,,,,,
3645,60.0,SLV,2,50.0,50.0,,,,,,,,,,,,,,,,
3646,200.0,SLV,1,25.0,8.333333333333334,100.0,,,,,,,,,,,,,,,
3647,450.0,SLV,1,75.0,37.5,,,,,100.0,,,,,,,,,,,
3650,375.0,SLV,1,200.0,200.0,,,,,,,,,,,,,,,100.0,
3651,400.0,SLV,1,100.0,100.0,,100.0,,,,,,,,,,,,,,
3652,200.0,SLV,2,100.0,100.0,70.0,10.0,,,,,,,,,,,,,,20.0
3653,150.0,SLV,2,50.0,50.0,80.0,,,,20.0,,,,,,,,,,,
3654,600.0,SLV,2,200.0,200.0,50.0,,,,40.0,,,,,,10.0,,,,,
3656,360.0,SLV,2,100.0,200.0,60.0,,,,40.0,,,,,,,,,,,
3657,800.0,SLV,1,200.0,200.0,75.0,10.0,,,5.0,,,,,,,,,,,
3667,200.0,SLV,1,50.0,16.666666666666668,50.0,,,,25.0,,,,,,,25.0,,,,
3669,100.0,SLV,1,100.0,33.333333333333336,50.0,25.0,,,25.0,,,,,,,,,,,
3670,600.0,SLV,1,300.0,300.0,,,,,100.0,,,,,,,,,,,
3673,600.0,SLV,1,300.0,300.0,50.0,50.0,,,,,,,,,,,,,,
3675,150.0,SLV,1,50.0,50.0,50.0,25.0,,,25.0,,,,,,,,,,,
3678,50.0,SLV,1,50.0,50.0,100.0,0.0,,,,,,,,,,,,,,
3681,200.0,SLV,1,100.0,50.0,80.0,20.0,,,,,,,,,,,,,,
3682,37.31,HND,2,37.31,37.31,90.0,10.0,,,,,,,,,,,,,,
3695,2.665,GT,1,150.0,12.5,,,,,,,100.0,,,,,,,,,
3697,4.264,GT,1,100.0,100.0,,100.0,,,,,,,,,,,,,,
3702,26.65,GT,1,5000.0,5000.0,50.0,,,,50.0,,,,,,,,,,,
3706,95.94,HND,2,24.518,24.518,60.0,,,20.0,,,,20.0,,,,,,,,
3718,42.64,GT,2,200.0,66.66666666666667,,,,,,,,,,,,,,,,
3719,39.975,GT,2,1000.0,500.0,,,,,,,,,,,,,,,,
3720,18.655,GT,2,500.0,500.0,50.0,25.0,,,25.0,,,,,,,,,,,
3724,43.706,HND,1,13.325,4.441666666666667,,100.0,,,,,,,,,,,,,,
3728,15.99,HND,1,6.396000000000001,3.1980000000000004,50.0,50.0,,,,,,,,,,,,,,
3729,37.31,HND,1,6.396000000000001,27.5028,100.0,,,,,,,,,,,,,,,
3735,15.99,GT,2,10.66,10.66,60.0,,,,20.0,20.0,,,,,,,,,,
3737,15.99,GT,2,15.99,15.99,20.0,70.0,,,10.0,,,,,,,,,,,
3738,37.31,GT,2,13.325,6.6625000000000005,30.0,60.0,,,10.0,,,,,,,,,,,
3739,31.98,GT,2,7.995,3.9975,60.0,,,,30.0,10.0,,,,,,,,,,
3779,23.985,GT,2,7.462000000000001,3.731,50.0,25.0,25.0,,,,,,,,,,,,,
3803,21.32,GT,2,21.32,42.64,25.0,,,,,,,,,,,75.0,,,,
3807,13.325,GT,2,3.9975,3.9975,75.0,,25.0,,,,,,,,,,,,,
3815,106.6,HND,2,500.0,500.0,30.0,50.0,,,,,,,,,,20.0,,,,
3816,15.99,GT,2,3.731,3.731,,,,,,,,,,,,,,,,
3820,26.65,GT,2,5.33,1.7766666666666666,,100.0,,,,,,,,,,,,,,
3822,26.65,GT,2,7.995,1.3325,50.0,25.0,,,,25.0,,,,,,,,,,
3826,31.98,GT,2,7.995,2.665,60.0,,,,40.0,,,,,,,,,,,
3830,13.325,HND,1,150.0,75.0,,,,,,,,,,,,,,,,
3832,13.325,HND,1,100.0,100.0,,,,,,,,,,,,,,,,
3840,7.462000000000001,GT,2,5.33,5.33,50.0,,,,,50.0,,,,,,,,,,
3842,300.0,SLV,1,200.0,100.0,80.0,,,,20.0,10.0,,,,,,,,,,
3852,300.0,HND,1,19.38521,38.77042,50.0,40.0,,,10.0,,,,,,,,,,,
3853,100.0,SLV,1,100.0,100.0,,100.0,,,,,,,,,,,,,,
3865,70.0,SLV,1,50.0,4.166666666666667,100.0,,,,,,,,,,,,,,,
3867,50.0,SLV,1,50.0,50.0,30.0,,,,70.0,,,,,,,,,,,
3874,26.65,GT,2,10.66,10.66,50.0,,,,25.0,,25.0,,,,,,,,,
3875,5.33,GT,2,5.33,2.665,,,,,,,,,,,,,,,,
3880,23.985,HND,1,5.33,0.4441666666666666,100.0,,,,,,,,,,,,,,,
3886,14.924,GT,2,4.264,4.264,50.0,,,,,50.0,,,,,,,,,,
3892,10.66,HND,1,6.396000000000001,3.1980000000000004,100.0,,,,,,,,,,,,,,,
3900,150.0,SLV,1,150.0,150.0,60.0,15.0,,,25.0,,,,,,,,,,,
3901,300.0,SLV,1,50.0,50.0,100.0,,,,,,,,,,,,,,,
3902,360.0,SLV,1,100.0,100.0,70.0,,,,30.0,,,,,,,,,,,
3904,60.0,SLV,1,60.0,20.0,,,,,100.0,,,,,,,,,,,
3905,280.0,SLV,1,30.0,10.0,50.0,50.0,,,,,,,,,,,,,,
3908,250.0,SLV,1,80.0,26.666666666666668,60.0,,18.0,,22.0,,,,,,,,,,,
3909,150.0,SLV,1,100.0,100.0,50.0,20.0,,,30.0,,,,,,,,,,,
3912,300.0,SLV,1,200.0,200.0,50.0,,25.0,,25.0,,,,,,,,,,,
3914,300.0,SLV,2,200.0,100.0,60.0,,,,30.0,10.0,,,,,,,,,,
3915,150.0,SLV,1,200.0,200.0,,,,,,,,,,,,,,,,
3919,250.0,SLV,1,150.0,12.5,70.0,30.0,,,,,,,,,,,,,,
3920,300.0,SLV,1,200.0,200.0,60.0,30.0,,10.0,,,,,,,,,,,,
3925,350.0,SLV,2,150.0,50.0,80.0,,,,20.0,,,,,,,,,,,
3931,300.0,SLV,1,100.0,200.0,80.0,,,,20.0,,,,,,,,,,,
3933,190.0,SLV,1,500.0,500.0,30.0,50.0,,,20.0,,,,,,,,,,,
3935,800.0,SLV,1,400.0,800.0,50.0,20.0,,30.0,,,,,,,,,,,,
3936,275.0,SLV,1,60.0,30.0,100.0,,,,,,,,,,,,,,,
3939,90.61,HND,1,150.0,300.0,50.0,35.0,,,15.0,,,,,,,,,,,
3940,350.0,SLV,1,150.0,150.0,50.0,25.0,,,25.0,,,,,,,,,,,
3945,300.0,SLV,1,50.0,8.333333333333334,50.0,,,,50.0,,,,,,,,,,,
3952,200.0,SLV,1,600.0,1200.0,,,,,,,,,,,,,,,,
3955,300.0,SLV,2,200.0,100.0,50.0,30.0,,,20.0,,,,,,,,,,,
3956,300.0,SLV,1,50.0,8.333333333333334,30.0,50.0,,,20.0,,,,,,,,,,,
3959,250.0,SLV,1,20.0,20.0,100.0,,,,,,,,,,,,,,,
3960,200.0,SLV,1,100.0,16.666666666666668,100.0,,,,,,,,,,,,,,,
3961,250.0,SLV,1,250.0,250.0,,100.0,,,,,,,,,,,,,,
3968,60.0,SLV,1,30.0,15.0,,,,,30.0,,,,,,,,,,,
3970,200.0,SLV,1,50.0,50.0,,,,,,,,,,,,,,,,
3975,200.0,SLV,1,50.0,50.0,100.0,,,,,,,,,,,,,,,
3978,300.0,SLV,1,200.0,200.0,40.0,,,,60.0,,,,,,,,,,,
3980,420.0,SLV,1,300.0,300.0,60.0,,,,40.0,,,,,,,,,,,
3989,120.0,SLV,1,60.0,10.0,100.0,,,,,,,,,,,,,,,
3990,150.0,SLV,1,100.0,100.0,,,,,,,,,,,,,,,,
3991,500.0,SLV,1,500.0,500.0,40.0,40.0,,,20.0,,,,,,,,,,,
3993,400.0,SLV,1,50.0,4.166666666666667,30.0,70.0,,,,,,,,,,,,,,
3995,150.0,SLV,1,120.0,240.0,60.0,20.0,20.0,,,,,,,,,,,,,
3999,300.0,SLV,1,200.0,33.333333333333336,50.0,,,,,,50.0,,,,,,,,,
4000,300.0,SLV,1,100.0,33.333333333333336,50.0,,,,50.0,,,,,,,,,,,
4004,200.0,SLV,1,100.0,200.0,90.0,10.0,,,,,,,,,,,,,,
4006,150.0,SLV,1,100.0,100.0,100.0,,,,,,,,,,,,,,,
4013,100.0,SLV,1,100.0,100.0,70.0,,,,30.0,,,,,,,,,,,
4014,1200.0,SLV,1,100.0,100.0,,,,,70.0,,,,,,,,,,30.0,
4021,270.0,SLV,2,75.0,37.5,100.0,,,,,,,,,,,,,,,
4027,100.0,SLV,2,100.0,16.666666666666668,28.0,,,,68.0,,,,,,,,,,,
4029,500.0,SLV,2,300.0,300.0,80.0,,,,20.0,,,,,,,,,,,
4037,200.0,SLV,2,40.0,6.666666666666667,20.0,,,,,,,,,,,,,,,
4042,21.32,HND,2,100.0,33.333333333333336,8.0,,,,20.0,,,,,,,,,,,
4045,106.6,HND,2,53.3,229.19,,,,,,,,,,,,,,,,
4061,5.33,GT,1,15.99,15.99,50.0,,,,25.0,,,,,25.0,,,,,,
4062,8.528,GT,1,3.9975,0.66625,50.0,50.0,,,,,,,,,,,,,,
4078,10.66,GT,1,1.599,0.7995,50.0,,,,50.0,,,,,,,,,,,
4079,9.061,GT,1,50.0,16.666666666666668,100.0,,,,,,,,,,,,,,,
4084,85.28,HND,1,300.0,600.0,50.0,50.0,,,,,,,,,,,,,,
4096,7.462000000000001,GT,2,6.396,12.792,40.0,,20.0,,40.0,,,,,,,,,,,
4099,15.99,GT,2,3.9975,3.9975,50.0,,,,50.0,,,,,,,,,,,
4101,63.96,GT,2,13.325,13.325,100.0,,,,,,,,,,,,,,,
4102,42.64,GT,2,15.99,15.99,70.0,,,,,,30.0,,,,,,,,,
4104,5.33,GT,2,53.3,53.3,,,,,,,,,,,,,,,,
4105,15.99,HND,1,10.66,10.66,,,,,,,100.0,,,,,,,,,
4140,21.32,HND,1,21.32,21.32,50.0,50.0,,,,,,,,,,,,,,
4152,7.995,GT,1,5.33,0.8883333333333333,70.0,30.0,,,,,,,,,,,,,,
4156,6.929,GT,1,6.396,6.396,100.0,,,,,,,,,,,,,,,
4160,7.995,GT,1,7.995,3.9975,75.0,,25.0,,,,,,,,,,,,,
4161,5.33,GT,1,5.33,5.33,100.0,,,,,,,,,,,,,,,
4168,7.995,GT,2,2.132,0.3553333333333333,100.0,,,,,,,,,,,,,,,
4169,7.1955,GT,2,7.995,1.3325,,100.0,,,,,,,,,,,,,,
4170,10.66,GT,2,2.665,0.8883333333333333,100.0,,,,,,,,,,,,,,,
4173,42.64,HND,2,100.0,8.333333333333334,50.0,,,,10.0,40.0,,,,,,,,,,
4182,14.924,GT,1,3.8909,3.8909,60.0,,,,20.0,20.0,,,,,,,,,,
4183,15.99,GT,1,11.193,5.5965,30.0,50.0,,,20.0,,,,,,,,,,,
4187,13.325,GT,1,200.0,400.0,70.0,30.0,,,,,,,,,,,,,,
4188,10.66,GT,1,200.0,200.0,75.0,25.0,,,,,,,,,,,,,,
4202,7.995,GT,1,2.132,0.7106666666666667,100.0,,,,,,,,,,,,,,,
4207,200.0,SLV,1,100.0,50.0,50.0,25.0,,,25.0,,,,,,,,,,,
4209,23.985,HND,2,10.66,45.838,,,,,,,,,,,,,,,,
4280,1.599,GT,1,100.0,8.333333333333334,,50.0,,,,,,,,50.0,,,,,,
4282,74.62,GT,1,2000.0,2000.0,30.0,,,,,20.0,,,,,,50.0,,,,
4292,19.721,GT,1,100.0,100.0,60.0,25.0,,,,15.0,,,,,,,,,,
4299,79.95,GT,1,10.66,1.7766666666666666,,,,,,,,,,,,100.0,,,,
4300,5.33,GT,1,15.99,15.99,75.0,,,10.0,15.0,,,,,,,,,,,
4304,10.66,GT,1,3.731,0.6218333333333333,25.0,,25.0,,25.0,,,,,,,,,,,
4307,26.65,GT,1,59.962500000000006,19.9875,60.0,40.0,,,,,,,,,,,,,,
4326,10.66,GT,1,10.66,10.66,50.0,25.0,,,,,,,,25.0,,,,,,
4327,26.65,GT,1,21.32,3.553333333333333,50.0,25.0,,,,,,,,,,25.0,,,,
4335,18.655,GT,1,3.731,1.2436666666666667,75.0,,,,25.0,,,,,,,,,,,
4350,31.98,GT,1,5.33,0.4441666666666666,100.0,,,,,,,,,,,,,,,
4352,18.655,GT,1,18.655,18.655,50.0,30.0,,,20.0,,,,,,,,,,,
4375,21.32,GT,2,10.66,3.553333333333333,50.0,,,,50.0,,,,,,,,,,,
4383,9.594,GT,2,2.665,0.2220833333333333,80.0,,,,,20.0,,,,,,,,,,
4387,6.6625000000000005,GT,2,150.0,150.0,80.0,,,,10.0,10.0,,,,,,,,,,
4440,85.28,GT,1,2000.0,2000.0,5.0,,,,5.0,,,,,,,90.0,,,,
4445,24.518,HND,2,9.594,4.797,80.0,,,,,,,,,,,,,,,
4447,42.64,HND,2,15.99,15.99,75.0,,,,,,,,,,,,,,,
4454,9.594,GT,1,1.599,0.533,100.0,,,,,,,,,,,,,,,
4476,7.995,GT,1,2.132,0.7106666666666667,80.0,,,,20.0,,,,,,,,,,,
4512,15.99,GT,1,15.99,31.98,100.0,,,,,,,,,,,,,,,
4514,7.995,GT,1,2.665,2.665,80.0,,,,,20.0,,,,,,,,,,
4519,42.64,GT,2,1200.0,1200.0,,,,,,,,,,,,,,,,
4523,29.848000000000003,GT,2,18.655,18.655,50.0,,,35.0,,15.0,,,,,,,,,,
4524,26.65,GT,2,18.655,18.655,15.0,,,20.0,65.0,,,,,,,,,,,
4526,6.929,GT,1,6.929,6.929,60.0,,10.0,30.0,,,,,,,,,,,,
4534,15.99,GT,1,1.599,0.7995,100.0,,,,,,,,,,,,,,,
4538,15.99,GT,1,2.132,1.066,50.0,,,,50.0,,,,,,,,,,,
4544,9.594,GT,1,3.731,3.731,50.0,50.0,,,,,,,,,,,,,,
4546,26.65,GT,2,21.32,42.64,70.0,10.0,,,15.0,,,,,,,,,,,
4547,37.31,GT,2,26.65,26.65,50.0,30.0,,,10.0,,,,,,,,,,,
4557,18.655,HND,1,18.655,6.218333333333334,30.0,50.0,,,10.0,,,,,,,,,,,
4560,38.376,HND,1,50.0,50.0,,100.0,,,,,,,,,,,,,,
4567,106.6,HND,1,200.0,200.0,50.0,30.0,,,20.0,,,,,,,,,,,
4568,200.0,HND,1,200.0,200.0,30.0,50.0,,,20.0,,,,,,,,,,,
4569,26.65,HND,1,200.0,66.66666666666667,50.0,,,,50.0,,,0.0,,,,,,,,
4575,6.396,GT,1,3.731,3.731,50.0,,,,50.0,,,,,,,,,,,
4582,7.995,GT,1,4.1574,0.34645,60.0,40.0,,,,,,,,,,,,,,
4592,5.33,GT,2,7.995,7.995,100.0,,,,,,,,,,,,,,,
4594,2.665,GT,2,2.665,0.2220833333333333,100.0,,,,,,,,,,,,,,,
4595,23.985,GT,2,10.66,5.33,75.0,,,,,25.0,,,,,,,,,,
4599,10.66,GT,2,7.995,15.99,,,,,,,,,,,,,,100.0,,
4607,15.99,GT,2,13.325,13.325,75.0,,,,25.0,,,,,,,,,,,
4628,26.65,HND,1,18.655,9.3275,100.0,,,,,,,,,,,,,,,
4629,23.452,HND,1,23.452,23.452,100.0,,,,,,,,,,,,,,,
4643,6.396000000000001,HND,1,50.0,50.0,,,,,,,,,,,,,,,,
4661,69.29,HND,2,63.96,63.96,30.0,,,,50.0,,,20.0,,,,,,,,
4663,10.66,HND,2,10.66,10.66,70.0,30.0,,,,,,,,,,,,,,
4666,69.29,HND,2,40.0,6.666666666666667,100.0,,,,,,,,,,,,,,,
4697,13.325,GT,1,15.99,15.99,75.0,,,,25.0,,,,,,,,,,,
4712,7.462000000000001,GT,1,7.462000000000001,14.924,50.0,,,,,20.0,,,,,,,,30.0,,
4720,26.65,GT,1,10.66,21.32,75.0,,,,25.0,,,,,,,,,,,
4726,10.66,GT,1,3.198,1.066,50.0,50.0,,,,,,,,,,,,,,
4730,6.396,GT,1,3.731,1.2436666666666667,30.0,,,30.0,40.0,,,,,,,,,,,
4740,10.66,GT,1,2500.0,1250.0,90.0,,,,,10.0,,,,,,,,,,
4748,13.325,GT,1,7.995,3.9975,75.0,,,,5.0,,20.0,,,,,,,,,
4749,3.731,GT,1,18.655,6.218333333333334,20.0,80.0,,,,,,,,,,,,,,
4755,26.65,GT,1,3.731,1.2436666666666667,50.0,,,,25.0,25.0,,,,,,,,,,
4774,10.66,GT,1,0.7462,0.7462,100.0,,,,,,,,,,,,,,,
4775,3.9975,GT,1,3.731,3.731,50.0,,,,,25.0,,,,25.0,,,,,,
4777,6.929,GT,1,3.9975,0.66625,75.0,,,,,25.0,,,,,,,,,,
4781,5.33,GT,1,3.731,1.8655,100.0,,,,,,,,,,,,,,,
4792,13.325,GT,1,3.9975,3.9975,65.0,,,,,20.0,,,,15.0,,,,,,
4853,36.244,HND,1,5.33,22.919,100.0,,,,,,,,,,,,,,,
4879,10.66,HND,1,50.0,50.0,100.0,,,,,,,,,,,,,,,
4901,11.193,HND,1,7.995,7.995,,80.0,,,,,,,,,,,,,,
4917,38.376,HND,2,21.32,10.66,50.0,30.0,,,20.0,,,,,,,,,,,
4946,39.975,GT,1,250.0,500.0,50.0,,,10.0,40.0,,,,,,,,,,,
4960,500.0,SLV,1,50.0,4.166666666666667,100.0,,,,,,,,,,,,,,,
4962,175.0,SLV,1,75.0,150.0,,100.0,,,,,,,,,,,,,,
4967,100.0,SLV,1,150.0,75.0,100.0,,,,,,,,,,,,,,,
4975,37.31,HND,1,100.0,100.0,70.0,,,,30.0,,,,,,,,,,,
4986,5.33,GT,1,7.462000000000001,14.924,50.0,50.0,,,,,,,,,,,,,,
4989,14.924,GT,2,7.462000000000001,3.731,75.0,25.0,,,,,,,,,,,,,,
